"","Ciliated","Club","Goblet","AlveolarEpithelialType2","Basal","AlveolarEpithelialType1","NaturalKiller","CD8","CD4","Monocyte","Neutrophil","Basophil_Mast","Dendritic","B_cell","P.value","Correlation","RMSE"
"patient_001",0.150300250802543,0.15220201005525,0.0453274660580639,0.0151228309331929,0.102705990026696,0.0733173764560749,0.00760892891860897,0.106888833653953,0.0993118457152074,0.0816903686522074,0.0246348832283496,0.0129181241901696,0,0.127971091309683,0,0.4441520497511,0.921635717178726
"patient_002",0.0409252366998042,0.0609348665980719,0.00318826813709216,0,0.0721956000478066,0.0446865420619126,0.0762511624589792,0.11435014458338,0.0705983037639183,0.318315422589943,0.0713681043036823,0.00389829934395903,0.0700355332180191,0.0532525161934317,0,0.720801821354343,0.736103215790633
"patient_003",0.00952784884634095,0.054965573365188,0,0,0.0293276221839897,0.0230788064076619,0.110831368975984,0.125626737608593,0.0498446370264948,0.456084218478606,0,0.00934383448035561,0.108035043945839,0.0233343086809475,0,0.733653543552897,0.701386337745255
"patient_004",0.0908675150604192,0.077204999274143,0.000144572395224414,0.0184677225584044,0.12366053366993,0.0987508418368721,0,0.225559270358152,0.114202368676254,0.0759899819928623,0.0176625500166967,0.0151553536676706,0.00188906493668881,0.140445225556684,0,0.321814085408479,0.95231353509262
"patient_005",0.483349696642782,0.156415376133566,0.197383114305527,0,0,0,0,0.0411685765680479,0.0355109835670177,0.0386060194578752,0.00280272303357143,0.00259772688351111,0.00962119543566859,0.0325445879724331,0,0.442301348223147,0.89910306865948
"patient_006",0.103932370022755,0.0232639162102639,0.00950182349551795,0.00278768699392813,0.161538789860435,0.117513481096353,0,0.252820907255447,0.0779370150574963,0.097410164715651,0.0144172235570566,0.0145665105054971,0,0.124310111229598,0,0.254872978843081,0.967394927270155
"patient_007",0.152142812026707,0.0828507683127297,0,0,0.132631423592118,0.0879385055420311,0,0.156977559309738,0.125898124694286,0.0891231878101535,0.0126560795997362,0.0141537145703013,0,0.145627824542198,0,0.318310388363725,0.953003100200645
"patient_008",0.106611769538739,0.043327153638473,0,0.0117124402607003,0.130792787977595,0.0830392872890759,0,0.2391079397173,0.0831585239497308,0.103535805850534,0.0160801418848299,0.0143943682507262,0,0.168239781642297,0,0.299389171111127,0.956047623134334
"patient_009",0.0120641420058559,0.0370787013780699,0,0.00942857860943148,0.0280201103340833,0.022037988347295,0.053425613899814,0.138864679793047,0.0642124635667128,0.489528638208902,0.00941457019233202,0.00701498755526507,0.101177859616944,0.0277316664922473,0,0.752029296604352,0.678713135632248
"patient_010",0.0204963750109289,0.03917742914329,0,0,0.0417776343614197,0.0283952450015675,0.0410562917346008,0.128465090561837,0.0581874323373935,0.529273821040932,0,0.00904660875689673,0.0835968669806552,0.0205272050704781,0,0.709274149717154,0.713253440745048
"patient_011",0.101247164601233,0.0269245484335358,0,0.034336469940783,0.144116927805007,0.129491677052148,0,0.235027379612124,0.0585313235163103,0.090374323180259,0.0195660861872464,0.0126320720753629,0,0.14775202759599,0,0.299688767778677,0.956648148727362
"patient_012",0.0301624934890093,0.0543417952249623,0,0.116270517002614,0.0574445528465255,0.0740189999734065,0.0524215243421436,0.0765801158740223,0.0427437298803699,0.37955518927949,0.0126315463117645,0.0120359978220483,0.0659917360262156,0.025801801927428,0,0.758753008539684,0.713116559412002
"patient_013",0.0668422855011973,0.0824222716052146,0.027058372236641,0.0444550714850417,0.0837517697107325,0.0326854858082768,0.0313942396524776,0.175116981293708,0.0729626251177325,0.218515602351,0.0238788834397806,0.0263791283694326,0.0623684140071844,0.0521688694215802,0,0.609959808633981,0.837318615014642
"patient_014",0.158298133186256,0.107517345413431,0.0184062943724769,0,0.0413075290490633,0.0922249423508504,0,0.205288936234725,0.0864244741225289,0.0908469753312835,0.007783658768364,0.00915641750362256,0,0.182745293667399,0,0.342428056788261,0.946158220612422
"patient_015",0.0908280732441436,0.0555298885832544,0.00422361230122382,0.0290447672307173,0.141070623790994,0.116310356579907,0.0268643028388508,0.212542889318504,0.0601456798734979,0.118110121305306,0.012415560790623,0.0101848086324563,0.0118487618559175,0.110880553654605,0,0.313593491235895,0.953036993638786
"patient_016",0.101237007873635,0.0675816828246898,0,0.00312935766622222,0.141395605165028,0.112405775482166,0.0186664656217584,0.166213069526129,0.100876129992215,0.127682063627793,0.00507046321704906,0.0138665798104061,0.00689727683774236,0.134978522355165,0,0.312762499433989,0.952722253381561
"patient_017",0.133834364679803,0.0761797699903161,0.00226931755866159,0.00741804216741054,0.0445972208173686,0.071498062657106,0,0.186856865383122,0.149798494594464,0.114199541648516,0.0157664115584373,0.0141527155134864,0,0.183429193431309,0,0.327280697073976,0.947817064082672
"patient_018",0.196108091776024,0.101864725717907,0.0250536905224384,0,0.113916845898396,0.0798459884446717,0.0220417499888366,0.128153303682057,0.0947969230113788,0.0916298428961444,0.0121821096932214,0.00779320502926942,0.0147316341311852,0.111881889208469,0,0.421525209147452,0.929000222851925
"patient_019",0.116307558403507,0.0565476834258966,0.0157083969996513,0,0.0508755509229307,0.0297651290470289,0.0845304710301037,0.182021066402313,0.108073278518099,0.0775843012450513,0.22304330597694,0.00207428334518814,0,0.0534689746832894,0,0.678205085516244,0.753780546157164
"patient_020",0.0961859928431966,0.0663737384985467,0,0,0.0950850585310868,0.11491578491853,0.024489993584477,0.204242501681939,0.118130575381469,0.0979545356978885,0.0206012538533687,0.00635872563229443,0,0.155661839377204,0,0.338423179685435,0.946348763158778
"patient_021",0.0925782910140995,0.073140730502418,0.011403262230659,0,0.13182755599007,0.120888454188231,0.0695791708418649,0.219255365728463,0.0318402979094638,0.11042928041641,0.0267563710912231,0.0137553515574484,0,0.0985458685296488,0,0.28762533967251,0.959333256720544
"patient_022",0.0519948180679806,0.0305413535454726,0.00243818571712275,0,0.0546227077222696,0.051841510559457,0.0166412123435622,0.203023932351531,0.0648951188333716,0.348700015991992,0.0438655128071886,0.0144659380098019,0.0510696840226222,0.0659000100276284,0,0.798136562513587,0.688288396262009
"patient_023",0.128870080084494,0.0372578269381531,0.0171168024458969,0,0.101965815051305,0.0749351490916616,0,0.202953172110544,0.0778475483033779,0.158834851881457,0.0641563570947474,0.0179765709431,0.00434280181913692,0.113743024236125,0,0.52367306194959,0.8787781572652
"patient_024",0.115175992751965,0.0060777785850037,0.0220042292595662,0.00238341403364749,0.131274307577173,0.102608179281686,0.0096056952731739,0.191009732883555,0.0864248559749679,0.130379996472495,0.0269928672665867,0.0179913741698052,0.00481774644659444,0.153253830023779,0,0.415545924448785,0.922294909157364
"patient_025",0.0889372709102949,0.0486618417532127,0,0,0.0549753971897284,0.111289369305782,0,0.199057987807111,0.177035052892459,0.093734953186002,0,0.0109520505127388,0,0.215356076442671,0,0.294428071596937,0.956425342117247
"patient_026",0.105735327769105,0.0569260911076738,0,0,0.0633609294754746,0.102045619600931,0,0.220981448776006,0.117775611519484,0.0934296597681772,0.00796617066638005,0.0123185860095511,0,0.219460555307217,0,0.310189415413931,0.952440994234234
"patient_027",0.12969422986032,0.0584807569427008,0.0640762261145847,0,0.0776975995981489,0.0586353240870227,0.0763324597425624,0.0936465524594759,0.0637271414972483,0.224793899616944,0.0273147283915903,0.00970770191352515,0.0658539308927542,0.0500394488831229,0,0.674091711339766,0.805592666392162
"patient_028",0.109836028695444,0.040153044563183,0,0,0.00962569973406776,0.0996634759480634,0,0.234162858907127,0.143947111591502,0.110160989868801,0,0.0136111062434706,0,0.238839684448342,0,0.293791948337878,0.955998363115427
"patient_029",0.0990721696640133,0.0438989251915036,0,0,0.140050626829727,0.13294407109086,0,0.208635179154281,0.0969950573006137,0.0939269413386593,0.0109702656082388,0.0112368866979832,0,0.16226987712412,0,0.30181628588329,0.955846542957773
"patient_030",0.160610542727913,0.0651703275103722,0.0479695315205027,0.00687165637110326,0.0869191031030935,0.0752996686480863,0.0374172222987378,0.161923565489141,0.0558266302215855,0.164015761367774,0.00835083281653271,0.00587666383526949,0.0647512994371499,0.0589971946527377,0,0.614186015258362,0.855189782145581
"patient_031",0.030752154882078,0.0331238168421875,0,0,0.0550046761326218,0.0531108783331058,0.0635097116468042,0.214057189846292,0.0905459650313349,0.290018110153268,0.0356677996542926,0.00920409718544756,0.0564619260576003,0.0685436742349674,0,0.70414283078423,0.767046832813407
"patient_032",0.212402642813634,0.0873425281427902,0.0456416658812131,0,0.137134824511055,0.0875271661882037,0.0156495146303606,0.108424638454246,0.0896127763724439,0.075288635295867,0.00724165909446342,0.0159978678570116,0.0132720193348813,0.10446406142383,0,0.420277766613039,0.929336186881495
"patient_033",0.0959101235232317,0.00840284535835508,0.0228079576390792,0,0.0990267919109292,0.0822726670901835,0.0317882812663867,0.195229844156457,0.110743879860438,0.110230237166577,0.128557347162662,0.00834752021092242,0,0.106682504654777,0,0.537766327180693,0.859324464362011
"patient_034",0.105917934847522,0.0695084239762636,0,0,0.0899119109733677,0.10903687196864,0,0.246604780607848,0.103001033066002,0.096241649354256,0.010596493821803,0.0138992793804681,0,0.15528162200383,0,0.302739774333188,0.955825165008711
"patient_035",0.115998852740518,0.0671737718679178,0.0122334671963613,0,0.0370774640204243,0.0369240876076078,0.0215917884365769,0.137991707367752,0.0722566141105108,0.392380480248333,0.00616260879615305,0.014667630379592,0.047722689719643,0.037818837508611,0,0.734824977073741,0.731131533424673
"patient_036",0.0859768617270341,0.0871045909245265,0.00251933048660014,0.0470173191210787,0.0202826086414496,0.0476890875399995,0.0517729025725401,0.184030798804398,0.0667565108042447,0.307221520583029,0.00557327530782725,0.00690976577524473,0.0414692550128423,0.0456761726991861,0,0.741643783873921,0.761053161689293
"patient_037",0.04260753511611,0.0530626257567353,0.0188282899428346,0.00947410080685254,0.0168994114465556,0.0344773782915462,0.0976870031540139,0.168966197019184,0.104194967514907,0.321558545384668,0.0283315597227513,0.00672284872482198,0.0518213615301105,0.0453681755889088,0,0.78137201133939,0.715844537690539
"patient_038",0.166393329408076,0.083220783685593,0.0132791357022026,0,0.0617636655558626,0.0638454352628024,0.0786701016224547,0.101423673804844,0.0595727375496274,0.257105203174615,0.0223952748783317,0,0.0481324742292273,0.044198185126363,0,0.716155349287179,0.788382782812901
"patient_039",0.109827868452407,0.149911013465115,0.0120327139123641,0.11328094420159,0.0153068892150583,0.0719367008023365,0,0.131330276575233,0.0618793795117102,0.244568063927113,0.000574791678182068,0.0131994062523819,0.0297678082560314,0.0463841437504782,0,0.724422966922304,0.798076481014796
"patient_040",0.137853036170857,0.0497408960365494,0.00444649808479403,0,0.0696992262232224,0.0646520988165952,0.0558215444657043,0.125580022142269,0.0678516113750237,0.268254709336038,0.00141132943892157,0.0060677950451859,0.0930213346586137,0.055599898206226,0,0.706752452239266,0.781372402653197
"patient_041",0.0466205165274453,0.0734462310567577,0.0172762296019101,0.09866865871444,0.0612668271676078,0.0769253776224397,0,0.171829027670099,0.033325254313791,0.242970121713601,0.0310574711254534,0.0379143938016116,0.0717931413206355,0.0369067493642084,0,0.64630930816152,0.809176896466407
"patient_042",0.349843059792753,0.0896802853573135,0.0236006240598146,0,0.0854987955080102,0.0662415850598499,0,0.0697870144840352,0.0885770913669416,0.124848439126907,0.0164769294247886,0.001960240271816,0.023955393389223,0.0595305421585467,0,0.466647999063443,0.90800694308515
"patient_043",0.0997947123079812,0.128848839207101,0.00776717941304245,0.0253386722828473,0.0403308624323675,0.0491133641600377,0,0.144443866063425,0.0589893939186154,0.337847115551905,0,0.0065060262554714,0.0449028327350375,0.0561171356721689,0,0.550212741959502,0.847607664129848
"patient_044",0.152677934864196,0.0561611795970306,0.084876257908482,0,0.0670904109998919,0.071465492349325,0.0210603850304008,0.128399146700132,0.0787064490681958,0.169399820194886,0.070392461209015,0.00943890029685663,0.0163308725561612,0.0740006892254262,0,0.630474173896001,0.828518775895833
"patient_045",0.124690360386814,0.0177878359454237,0,0.022914867873751,0.133433474032724,0.133205903183405,0.00150461830449466,0.210503784471607,0.0665854796233761,0.0849799292128438,0.00935463951624383,0.0133889325617709,0,0.181650174887546,0,0.291723602141745,0.958450569958853
"patient_046",0.531498363219463,0.0774332872900535,0.0240509341905478,0,0.0596666555432861,0.0558180523154626,0,0.0659630676123971,0.053272901785223,0.0571246389543066,0.0104271005898182,0.00538194898116297,0.00955765978611502,0.0498053897321645,0,0.452584036741712,0.906560010431052
"patient_047",0.0964580113324839,0.0363964864156017,0,0.000641495211211917,0.130091502040157,0.126904654779706,0,0.259400234814269,0.084214125140523,0.0879699333796199,0.020834206740788,0.0147388219749241,0,0.142350528170716,0,0.2861110729179,0.959724930870262
"patient_048",0.0767906449451332,0.0127326980753871,0.00877393164061357,0,0.0563139433674044,0.0518132309310754,0.118531379016054,0.159245677358763,0.0714469774505024,0.140941007910662,0.230234795216966,0.00674717533064944,0,0.0664285387567885,0,0.628111450507662,0.782395546966989
"patient_049",0.0333525090474695,0.100814434458082,0.00541391293462361,0.185710301574625,0.00922818536024092,0.0526026703172834,0,0.127592609585857,0.0618457428219144,0.321824059919412,0,0.00682777980919779,0.051373698157192,0.0434140960141025,0,0.666897817510841,0.788224090481256
"patient_050",0.064250430479252,0.0434275091363125,0,0.00524831030600963,0.0161766525629979,0.0485990636372846,0,0.22549416420491,0.118192278449168,0.305483991975925,0,0.0154492497133187,0.0367472725911584,0.120931076943664,0,0.558266376978346,0.845613455706266
"patient_051",0.0562051099477668,0.0467988254349837,0,0,0,0.0761763884612728,0,0.228646260898008,0.222495727422258,0.0838527503845106,0,0.0111295508677839,0,0.274695386583416,0,0.239256776822406,0.972475671115983
"patient_052",0.0534968930124691,0.0342623717472545,0.000292924749732437,0,0.00388477004541515,0.0189808899057151,0,0.224796525395057,0.0904449919263988,0.45197196855573,0,0.0110240182734109,0.0303477452483232,0.0804969011404933,0,0.726308124304619,0.718408530449654
"patient_053",0.114901932440553,0.0582185039944454,0.00242734088790006,0,0.111656758975701,0.0971320310372713,0,0.182048925378943,0.142490392565921,0.0910132462276647,0.0206810847165875,0.0128177504032333,0,0.166612033371781,0,0.323037055077059,0.950245253015297
"patient_054",0.131345787186446,0.0302364913105551,0.0234448637171391,0,0.0233751964890354,0.0423987980403148,0.0320085556685602,0.188241739451088,0.104254967899517,0.253825247613089,0.0145104168495366,0.0235840196438021,0.026909663078616,0.105864253052301,0,0.702437995804382,0.79394586539903
"patient_055",0.0490924579366919,0.0359100824376596,0,0,0.0163771056237887,0.0617732695329116,0,0.240520796325179,0.183867439131685,0.144071275769221,0.0786670754207998,0.00823181504070036,0,0.181488682781363,0,0.401708367621812,0.917155291147525
"patient_056",0.0913412729400256,0.048561218101248,0.0181620670837933,0,0.0255565274029435,0.0362509866249797,0.0154267157168039,0.156929998474653,0.0863233800400821,0.41092205771241,0.000836182970254437,0.0120983958169168,0.0391411433363533,0.0584500537795368,0,0.737401367376532,0.724185655631384
"patient_057",0.0866929326573351,0.0453073252055206,0.0300946783414014,0,0.00939644146332057,0.0163974845044256,0.123006881151766,0.0866921604245556,0.0662379195666974,0.182722912136703,0.302754370834313,0.00289364209780972,0.0131111040271429,0.0346921475890093,0,0.777031759500171,0.636765103683625
"patient_058",0.00303448497778136,0.0141512784403139,0.00155556742584813,0,0.0124603750873044,0.0199077469321353,0.149552899523565,0.0743673068382601,0.0959796927403578,0.253476513446551,0.32030960500785,0.0112448017104517,0.000769577897308723,0.0431901499722725,0,0.739757680316808,0.68353436790294
"patient_059",0.102311770434988,0.0335857733481411,0,0.00133885216272167,0.0955017585886776,0.135656604092733,0,0.200798904248428,0.104017214977618,0.109907439839186,0.0129760475303264,0.0148395468335493,0,0.189066087943632,0,0.321073089768396,0.949580141087375
"patient_060",0.145340145203329,0.148735747582709,0,0,0.0719285530321911,0.0729790255339233,0.00197601434932189,0.121135058919775,0.122678359319772,0.144355106812161,0,0.0155130606781254,0.00586392256042759,0.149495006008265,0,0.403785312895117,0.928492739405354
"patient_061",0.280954554319225,0.069653886349894,0.0491179902855048,0,0.0677850668010053,0.05359852591403,0.037132410812264,0.0684340282355621,0.0893235042285328,0.17312141623109,0.00527220757797133,0.0130268057403242,0.0284376463589983,0.0641419571455979,0,0.497465071678345,0.894248523525438
"patient_062",0.123817902769983,0.000410696432191768,0.00904603589668137,0,0.0430360003119428,0.0628516152108069,0.00240571985232594,0.183861817113874,0.0996686008864126,0.263327698903687,0.0829469434206697,0.0127745098727992,0.0254761724936852,0.0903762868349407,0,0.768013602436386,0.72774800520815
"patient_063",0.0362273035691426,0.0648276034241778,0,0,0.0396551219029847,0.0450715982604675,0.0137106675957334,0.152759161207346,0.066588324085279,0.464626934400608,0,0.0125186892769122,0.0501665324691518,0.0538480638081965,0,0.5011049735266,0.86704390315145
"patient_064",0.132889764305991,0.0801535624769149,0,0,0.0513619836673372,0.0982340398821701,0,0.114400156145771,0.185453760683005,0.118942388477796,0.0125503186321898,0.00813722485870412,0,0.197876800870121,0,0.320105605679439,0.949307724623427
"patient_065",0.0787275030393169,0.0767111078229541,0.0410199767981267,0.0020173809337448,0.0485085646671121,0.0623509386884175,0.0374743495915883,0.071774746975338,0.101304560088586,0.324189418015348,0,0.0257187357453661,0.0391235763811546,0.0910791412529478,0,0.559303139423615,0.843438230059022
"patient_066",0.210385035355266,0.0791729763131603,0.0179311833178226,0,0.041986998970306,0.071682989062532,0,0.174706309973883,0.104396526873524,0.0957900697914346,0.0825281171440422,0.00893173727797225,0,0.112488055920057,0,0.511505273231032,0.887368302922863
"patient_067",0.094564372509684,0.0273528253649513,0.0041814578586504,0,0.0444813402453692,0.0358775787200875,0.00175214950113601,0.167967022938863,0.0957561044328153,0.41939213270159,0.00486181792354699,0.0129129020987091,0.0229851522898997,0.0679151434146972,0,0.748016877462266,0.716457011955207
"patient_068",0.0520091282651087,0.121824164025185,0.00517737204353109,0.0811510699696434,0.0382029940812117,0.0573526125949875,0.00806824886922658,0.162216172848619,0.0575618490170203,0.290043149444586,0.000477699345576598,0.0189934983610319,0.060274798185249,0.0466472429490234,0,0.69637622199633,0.78523356463952
"patient_069",0.096029579337868,0.159236443623272,0.0640949850666156,0.0257085272985573,0.0389782944354721,0.05797984647582,0,0.162915323539018,0.0648607017962309,0.225486716522469,0.0159694147115254,0.00393516060529803,0.0364514727220589,0.0483535338657945,0,0.690070522300515,0.808078849457806
"patient_070",0.111371967088153,0.0415418407535819,0,0.00267689840796994,0.0986708378161287,0.121799122281956,0,0.185531611433581,0.125908417788237,0.1039339191908,0.00978186061741076,0.0180456082805644,0,0.180737916341617,0,0.326811094631363,0.948763114199708
"patient_071",0.198067746739825,0.113849419405192,0.0233417106928036,0.0626910488156454,0.0562413274489947,0.0841859312619147,0.0267629547088824,0.125975964779288,0.088848664132977,0.112928656130263,0.00988294413822317,0,0.0428107392542198,0.0544128924917711,0,0.573103080889958,0.88632402617469
"patient_072",0.149173536713833,0.0773026937283592,0.0196997657003317,0,0.104000752982612,0.11402772310219,0.0294484600471314,0.0848415360977167,0.104351747289847,0.137201864585419,0.048022011168432,0.00283494981436371,0,0.129094958769764,0,0.292885101097236,0.956236400010268
"patient_073",0.0861599114111953,0.0402014336229629,0.00818901697880337,0.00299724557061266,0.0541150577649978,0.0471475939809449,0,0.160558818285532,0.12277255581371,0.339658929685385,0.0283883077536682,0.00981124967657573,0.017114416440102,0.0828854630155103,0,0.711748895341446,0.759325864065026
"patient_074",0.0406198152266861,0.00188811985872445,0.00337340418883759,0.00230535675744112,0.00943407205492838,0.0367672331860491,0.0979115779159409,0.123733050168867,0.0815314543856505,0.260851028789588,0.284957380342521,0.00540766667056723,3.37151726103031e-05,0.0511861252815882,0,0.635748558093043,0.784668863349052
"patient_075",0.105089519091819,0.0483092772977542,0,0,0.114974247771199,0.106567976158589,0.00124217640337994,0.220867897654239,0.0783859677258472,0.143384222178831,0.0310900221086593,0.0109264893376924,0,0.139162204271989,0,0.377426015476534,0.932673417877433
"patient_076",0.0149835963318639,0.0405118106825834,0,0,0.0214887996357544,0.0233935034195104,0.00475152171741488,0.198635973850828,0.0927943791179382,0.514430595938517,0.00170418686530519,0.00612701648202953,0.0320163508777511,0.049162265080504,0,0.774027721325102,0.664073013044031
"patient_077",0.130239114434464,0.0109075131684907,0.0027228055405118,0,0.117191568602863,0.109102716529599,0.053895629918583,0.157192882017208,0.080825453645252,0.201688327872427,0.0114769614934028,0.0171143808688349,0.00866530979151999,0.0989773361168437,0,0.482415710585895,0.897291144213583
"patient_078",0.138465682051195,0.13018561064053,0.0310998735315353,0,0.137027847837941,0.0790439908431931,0,0.0934418527796217,0.0814828807403645,0.205874814328152,0.0241733521746142,0.00240418031477417,0.0183522544635234,0.0584476602945557,0,0.542387256402689,0.874370190294863
"patient_079",0.115008160585997,0.0793942567997358,0.00827354410464422,0.00661399665844608,0.0477119464690022,0.0485989871668754,0.0507863429445237,0.139474306724043,0.0693566205225525,0.301328000111448,0.00591274838051087,0.00702587330293087,0.0701968257554349,0.0503183904738548,0,0.72326850292648,0.765902230440796
"patient_080",0.0379798682942601,0.0826232489983875,0.00733339189178424,0,0.0240400131373557,0.0193652218409423,0.104144187275708,0.28215008227994,0.0994125876667381,0.250197551475637,0.00814082591295744,0.0027938269278425,0.0679912407265107,0.0138279535719365,0,0.757605082082396,0.762186619446985
"patient_081",0.0973721045915172,0.0275830828963387,0,0.0168846147728537,0.132647200097567,0.117803316591021,0.0239806870326447,0.239555640185051,0.0822377259564468,0.0848998519779711,0.0217021223330527,0.0161861827299363,0,0.1391474708356,0,0.289914024595124,0.959078903918083
"patient_082",0.0911445568543052,0.0342900934767485,0.0175155849200242,0.000986311597568981,0.120778361347176,0.0964548527945819,0,0.235677507024883,0.0809878554226829,0.117244995183359,0.0839487665243231,0.00707798327530438,0,0.113893131579042,0,0.433413472123273,0.909844983535528
"patient_083",0.112872356786046,0.0242733473214092,0.108373372359528,0,0.0822818446798173,0.0739761530152799,0.000741212115577334,0.12895738734153,0.0836450683453925,0.158027239968759,0.15606642996952,0.00405977782944951,0,0.066725810267692,0,0.496297077143028,0.869368873781657
"patient_084",0.110183772733947,0.0561173585665307,0.02269021209063,0,0.034897147339808,0.054461810693616,0.0381760045396096,0.150236442565918,0.0736824249171261,0.301991470502492,0.0179762279502966,0.0072412246565892,0.0819158775379759,0.0504300259054608,0,0.768842803393769,0.731417135227266
"patient_085",0.230844406279936,0.0667979327959353,0.0170342712861577,0,0.0564367136877821,0.0598557083419964,0.0293571912952993,0.127776906294982,0.0419349646679903,0.241358679262506,0.014655203784261,0.00547912158079718,0.0650488008860309,0.0434200998363244,0,0.665574893567355,0.812953889366367
"patient_086",0.0834215555290647,0.0314808732562618,0,0,0.14146525156957,0.127629070942421,0,0.209696810602375,0.123122649263714,0.0958948761707432,0.0191369289206318,0.0138582973335991,0,0.15429368641162,0,0.324469899931121,0.94960835362894
"patient_087",0.106874951157202,0.0696222804156827,0,0,0.0762827809001877,0.0986030287667547,0,0.217268259236731,0.133545189768954,0.108875775291539,0.00905875320951206,0.00727137035115617,0,0.172597610902281,0,0.316529339642659,0.951435605840394
"patient_088",0.105683475719523,0.0554081436999737,0,0.0081388471391605,0.107829798896823,0.111457376564247,0.0185962701951509,0.144161544818999,0.148094894939794,0.101936870095604,0.00348527715107083,0.0114959669233704,0,0.183711533856284,0,0.316135385972521,0.951890659088394
"patient_089",0.109377986348555,0.0365738851686605,0.00899480583592017,0,0.0895442793959487,0.0962968639637366,0,0.201014845526469,0.11152360312563,0.126143684673679,0.013714087574624,0.011550779240368,0,0.195265179146409,0,0.342196595750005,0.943083981037699
"patient_090",0.120254047676615,0.0559593881915519,0.0078713620614471,0,0.0854539470161077,0.135806290698367,0,0.21791392373699,0.103835557457753,0.0886286042766534,0.0163888241318058,0.0111768742653606,0,0.156711180487349,0,0.32622781703974,0.950064941956937
"patient_091",0.0826170525320641,0.0587040984950734,0.0163815901196543,0,0.00840235975119578,0.0603228024801208,0,0.249165979783497,0.122373720236663,0.135852967273421,0.0819241120660462,0.00126025474334218,0,0.182995062518922,0,0.383429754134578,0.924550840225679
"patient_092",0.0544079381534405,0.0463726412639782,0.00577306836576744,0.00088717177378993,0.0441066674728361,0.04098966592495,0,0.134088643549762,0.108745988821989,0.447251448530749,0.00664270705509683,0.0110043002928549,0.0194926025500591,0.0802371562447273,0,0.685530487748129,0.750269672973365
"patient_093",0.0579972720764217,0.0611780641083733,0.0108712160932389,0,0.0349820369691616,0.0321526794798581,0.0393183570634958,0.141556299006872,0.0543573130014107,0.413490197236725,0.0775767518042927,0.00782147044730395,0.041891457283901,0.0268068854289458,0,0.759318173814693,0.684948795331683
"patient_094",0.156753439898899,0.105755155535801,0.0172017707871143,0,0.0432157110169529,0.0333624394455964,0.0406373670673086,0.109342199503721,0.0483339540087684,0.359976625487175,0.0086626456671073,0.00628842577349644,0.0420862556184756,0.0283840101895833,0,0.716072142552601,0.755672208348967
"patient_095",0.109972538427266,0.0748175739439601,0,0,0.0297351356369171,0.0884874415794222,0,0.184107496602817,0.16286574432235,0.111101884963996,0,0.0063668347945651,0,0.232545349728707,0,0.308109265052712,0.952234158935546
"patient_096",0.21796413293972,0.0800680989148562,0.026208796610195,0,0.0337789465061847,0.0289084954842896,0.0210878875095789,0.114500214767143,0.0670951812665284,0.294242922800966,0.00970068838734551,0.0107715049692143,0.0461091733325451,0.0495639565114335,0,0.715402191124741,0.776653407402025
"patient_097",0.0644462319047451,0.0196407207181266,0.00699686327564687,0.0120744212100962,0.0315172495230663,0.0419842511821664,0.0552441593093792,0.137719017542095,0.0801156565529292,0.448496037607713,0.0119514022696895,0.0142788435951841,0.0151816213269122,0.0603535239822499,0,0.739380063957724,0.712123692165331
"patient_098",0.0825801447634296,0.0387854852951998,0.0114794074490247,0,0.0492726714121278,0.0474299692731986,0.0472003983015425,0.165758918560651,0.102287511973243,0.282054132918785,0.068512806147595,0.00770391057170016,0.0348825966293645,0.0620520467041391,0,0.788988030643474,0.71534120241148
"patient_099",0.0999054808268919,0.0855535083741944,0.0183290785705205,0,0.0437836479005562,0.0473215794220654,0.0257132354921016,0.116523350138059,0.0617330270372637,0.369877759080911,0.00807602598769293,0.00975439521317801,0.0706552976920756,0.0427736142644903,0,0.742163897496438,0.728595944561667
"patient_100",0.0922527000361134,0.0621487213519546,0,0,0.0286272820542972,0.114825619990899,0,0.210172220541457,0.145852359633314,0.129424833598537,0.00111265057068887,0.021063748053411,0,0.194519864169328,0,0.311224730617374,0.951436956363066
"patient_101",0.0785414596068954,0.0384373701962482,0,0,0.121866627111417,0.116242310134094,0,0.176010972531626,0.161594118794396,0.109865686187252,0.00532681175501439,0.0126649538731077,0,0.179449689809949,0,0.315890905751368,0.951151795730755
"patient_102",0.163689214332315,0.034926791283349,0.0200954842726379,0,0.105972895423214,0.114475392392677,0.000532915090948567,0.191032876586728,0.0788581069787014,0.128132112662932,0.0231850798757451,0.00683930570617463,0.000987116423554781,0.131272708971023,0,0.382896195231991,0.933482037526671
"patient_103",0.237430544800977,0.116866849960052,0.0525239097711347,0,0.104950005626894,0.0641386263869008,0,0.132951548354356,0.0782388317625753,0.0975265200388093,0.0122828555050993,0.00840389587264411,0.0287204856568717,0.0659659262636857,0,0.481194988387093,0.910229820564737
"patient_104",0.120103970039291,0.140260573552666,0.0885073701573257,0.0207693650497946,0.0756285766751593,0.0334461356990818,0,0.138893406495335,0.0596117477797777,0.190799184311532,0.022457313501278,0.024662730712596,0.0440505412146516,0.0408090848115125,0,0.675028198659543,0.816419423606657
"patient_105",0.120541792221978,0.0221906355505504,0,0.0047521625276666,0.0550032309259041,0.126876399076172,0,0.164421094690696,0.174326162768063,0.106388333412117,0.00411919457189176,0.0139690188246983,0,0.207411975430264,0,0.321946696351685,0.948896673411064
"patient_106",0.2840635531047,0.0711414301357542,0.003851085234092,0,0.0957074800927699,0.0853410579241342,0,0.172297488707563,0.0865390881400657,0.0580120873234286,0.0169097568386839,0.00884175945826168,0.00141138664853188,0.115883826392015,0,0.368797411131245,0.942263313431308
"patient_107",0.543039162335152,0.200094965217038,0.0260746460871425,0,0.0426719354538376,0.0110642933947626,0,0.0512290138689286,0.0288030546145917,0.045280043653182,0.00636653580939312,8.26377700801918e-05,0.0206875041654292,0.0246062076304633,0,0.342101399031469,0.941044355541305
"patient_108",0.0922654222049444,0.0600725129607332,0,0,0.130487147625502,0.112665695944198,0,0.212787214282701,0.123458862051156,0.0967582040231963,0.0220936024592852,0.0187365123826825,0,0.1306748260656,0,0.298921928676762,0.956508792012721
"patient_109",0.107172258307321,0.0892767479167522,0,0.00789208027525195,0.0739073086032013,0.101981334758929,0.0118184655313063,0.186373386361398,0.113175960874551,0.0971310814528116,0.0106530202005401,0.0149352752067105,0,0.185683080511227,0,0.311563558807127,0.953127836249159
"patient_110",0.0978173225812872,0.0745235337924791,0,0,0.0860489499787687,0.11937291525027,0.00731331018898586,0.162148497064437,0.160380885608569,0.104706027889693,0.00874265983193062,0.0124887273632461,0,0.166457170450333,0,0.31535608825499,0.951984223286987
"patient_111",0.0883342648427723,0.05575104732139,0.0248840104194763,0.0661706494192415,0.0347889883894606,0.0600983436790183,0.00603211504538127,0.17591439636171,0.0539569090195417,0.304422862477329,0.0259428877728659,0.00303281566271254,0.0561032407233122,0.0445674688657881,0,0.80064376989523,0.717739642808784
"patient_112",0.0858424311086835,0.0817561358113742,0,0,0.0945192612236525,0.083919271078607,0,0.279723006855085,0.0819282550019289,0.0907715538033762,0.0295659640625424,0.00423919051882645,0,0.167734930535924,0,0.32229174178702,0.949830754686142
"patient_113",0.417821134419853,0.0592158965948423,0.0524971399779598,0,0.0384396426564592,0.0320452961348643,0,0.122573742247434,0.0818014870174296,0.0894916271643537,0.0566569347969882,0,0.00165841608522476,0.0477986829045918,0,0.448741408741687,0.907384829188497
"patient_114",0.0883700378483864,0.0369739693573645,0.0021499160124625,0,0.138324992071673,0.124862287446429,0.00414147589416322,0.160868983780745,0.127898892018854,0.116898682249483,0.0296135240456492,0.0137629773224238,0,0.156134261952367,0,0.338516164445261,0.944407659670295
"patient_115",0.182144721972803,0.0655396384350542,0.0240338301369648,0,0.108192334419679,0.0641222312385708,0,0.159057594431498,0.0853488548879159,0.16433458988249,0.055003713008806,0.00153537349756813,0.0394878717943009,0.0511992462943494,0,0.639987839585613,0.837860180831066
"patient_116",0.100963626771389,0.0408090606462319,0,0,0.0878794921599539,0.113704991372723,0,0.199695897771854,0.143850435851756,0.112947026238964,0.00242332131582096,0.0122023646527725,0,0.185523783218535,0,0.320331192319112,0.949988213647882
"patient_117",0.0776941989887668,0.114939235724248,0.0184907445753991,0,0.0373857722201382,0.0296119831587208,0.0307539477105222,0.127640961851341,0.0597324467610312,0.410320199130083,0.00518460144030447,0.00607662698448564,0.0453841871596384,0.0367850942953207,0,0.703380096653879,0.7461029209309
"patient_118",0.122742762574343,0.142517647006366,0.0318134898131394,0,0.0628568911971173,0.0778414118669968,0,0.164779285122766,0.0899199327652311,0.112985769125088,0.0310428312677607,0.0119232997204086,0,0.151576679540782,0,0.436886522853423,0.9186954090056
"patient_119",0.102149313040883,0.0717639885077373,0,0,0.0413300105594795,0.0841034759742124,0,0.307127526729166,0.0749235822901943,0.103110170209416,0.0226379710397741,0.0135861392009751,0,0.179267822448162,0,0.325007060639928,0.948405691472663
"patient_120",0.182990041818375,0.0869146449448384,0.03278156961138,0,0.0599389726802636,0.0555001194613174,0.0105201880771057,0.124176719910578,0.07203195641167,0.259594896202587,0.0294006430227723,0.00910067461286549,0.0162718617825873,0.0607777114636592,0,0.658754186775742,0.814403183897479
"patient_121",0.314457758840206,0.155563933940726,0.0458283746783071,0,0.0849814594115348,0.04929839235183,0.000589584876043032,0.0893308380270212,0.0509667320181215,0.108484344172568,0.00946794418361575,0.00276557492617216,0.0302254049798292,0.0580396575940255,0,0.543086703988626,0.888365607455523
"patient_122",0.197054387938057,0.0894044974448913,0.0670695012154103,0,0.068710739183144,0.057149045996372,0.00870277885976492,0.131487599375942,0.0597459678523846,0.196546716424169,0.0201975045726003,0.00349034310620894,0.0493388051561925,0.0511021128748626,0,0.678280168884359,0.819108399814202
"patient_123",0.0962423858974333,0.0335314985614085,0.0196731003912151,0,0.0729482142551179,0.0598189461327534,0.0829808587373906,0.157293109333787,0.0995623722540355,0.10931681183027,0.17089332892026,0.00616279543892315,0.0152831246651846,0.0762934535822221,0,0.648180378776139,0.78918813250426
"patient_124",0.116504123903878,0.056926594232689,0,0,0.0829693333603869,0.120581491999981,0,0.20872904052863,0.102274825423093,0.107275347212447,0.00793985819242157,0.0157269259884522,0,0.181072459158023,0,0.317152073893874,0.951338622347697
"patient_125",0.100095021332816,0.130192747142847,0.0251697458123143,0.08961608837429,0.0478298436293609,0.0503539815556688,0,0.145700378645747,0.046551879132241,0.251809970252761,0.00960606050446043,0.0155952371468683,0.0497597934258336,0.037719253044792,0,0.681092319568405,0.806267786933086
"patient_126",0.106179521969358,0.134672797755863,0.0274817185135141,0,0.0565666012678309,0.0573996246238595,0,0.19971175647078,0.0982052686633912,0.16426379672123,0.0494706978279923,0.006721148786935,0.00661807968845624,0.0927089877107903,0,0.524598077302088,0.88206590904212
"patient_127",0.0867869792063009,0.068004262808499,0,0,0,0.0876512736442292,0,0.246027124237243,0.146892852894464,0.0912810757390851,0,0.012117173282132,0,0.261239258188046,0,0.263289903311405,0.964706450329729
"patient_128",0.0827459606747726,0.0697673470034305,0,0,0.0764290775855965,0.113087352885902,0,0.216723200752909,0.162497049898119,0.0831466113628059,0.00690384788440189,0.0051538151913503,0,0.183545736760712,0,0.29365810542989,0.95749586193467
"patient_129",0.112288094885217,0.0541631272253326,0,0,0.0660986413028428,0.122710587875262,0,0.203544560499348,0.125773867668324,0.102664501177757,0.00824952946831032,0.00610749984589348,0,0.198399590051713,0,0.330004112075527,0.947474927194271
"patient_130",0.114371394299684,0.0850210213851755,0,0,0.0430242488520723,0.0891095087220819,0,0.236743024555461,0.113053054758478,0.0937385999292043,0.00329720175314109,0.00984212949578726,0,0.211799816248916,0,0.312452097710975,0.952258864563255
"patient_131",0.0574765759729989,0.052006191640121,0.00971352480060612,0,0.0324200272518613,0.0498405016313061,0,0.182371806486189,0.0580088973971923,0.444273469426465,0,0.0137350939038884,0.0452696699051824,0.0548842415841894,0,0.713249561822773,0.730062194787427
"patient_132",0.339008451630271,0.087658152220667,0.0586897433513119,0,0.0275987450408186,0.0720414057774466,0,0.10318228016684,0.0614353863820373,0.13817911658493,0.0187268473454089,0.000294716825712934,0.0171008272645701,0.0760843274099856,0,0.506330127870468,0.892027529577152
"patient_133",0.0870740814084517,0.0837656239395461,0,0,0.127918996338519,0.0969419651170722,0.0458107341841536,0.169540107193559,0.124070295694502,0.0935948665185535,0.0198660984139247,0.0109119792298419,0,0.140505251961877,0,0.322207622240665,0.951311963300808
"patient_134",0.0668419286022915,0.0905760274033598,0.00878530204132307,0.000764256858223545,0.0743328575580979,0.0649691811816207,0.0273674849076081,0.121445761202326,0.0878455954355497,0.286732172936953,0.0558761555415731,0.01023781482534,0.0257701567701695,0.0784553047355634,0,0.710270334319626,0.767778772049974
"patient_135",0.0745032573550071,0.0369137247115892,0.0358286344751744,0.0150938733529744,0.0284832532612976,0.0394900114537286,0.0417254742507884,0.269326710588467,0.124322863310745,0.213924152331349,0.0216619527176467,0.00565179402220159,0.0566480357246011,0.0364262624444292,0,0.728041636201509,0.788327467065764
"patient_136",0.160365955300419,0.0468949645169758,0.0372743614899471,0,0.1106343996984,0.0888542142963293,0,0.209513506905994,0.0590360059752624,0.123318114320043,0.0265733935921602,0.0109487675721257,0,0.126586316332344,0,0.396911502787084,0.929780522810273
"patient_137",0.0663580215957709,0.0579979987657813,0,0,0.00667312702467367,0.0857518350912945,0,0.20852772632193,0.182646655964183,0.114597908790786,0.000987570328038611,0.0155474407467091,0,0.260911715370834,0,0.285509285605507,0.958285604364535
"patient_138",0.111000978781772,0.0720671991888541,0.0186311519615488,0,0.0582685012409848,0.0480759800687957,0.0274899326626967,0.133191574861878,0.0953019282903403,0.268216971136926,0.0337232581686901,0.00963684139305635,0.0536467002357987,0.0707489820086581,0,0.683233502928081,0.790607670007774
"patient_139",0.0665183772281036,0.111902233480552,0,0,0,0.0497305912136323,0,0.241827534116976,0.191922780735258,0.0760355934638304,0,0.00720938515784873,0,0.254853504603799,0,0.251078658955738,0.968220428782862
"patient_140",0.0969253232014173,0.0183350269563973,0.0182775519502695,0,0.0325840856284139,0.0689873548130455,0.0170142829624396,0.207593459503738,0.0785480830621603,0.266249087374833,0.106017761345329,0.002048624957233,0.0404737172281943,0.0469456410165294,0,0.733687802267048,0.733094484778251
"patient_141",0.0658874350668087,0.106597772243154,0.0295263146654675,0,0.00842317866388106,0.0868210705857452,0,0.1177027419632,0.0966964006453213,0.291936120310463,0.00669741251465552,0.0188633096947311,0.0373584251792653,0.133489818467308,0,0.442115265067722,0.898850899792158
"patient_142",0.126841734138023,0.0474728808500668,0.00580083225265101,0,0.0320133830076243,0.0347873235115782,0,0.18343297098123,0.0790902135680575,0.369315002915975,0.00114254677960393,0.00863241671971009,0.0451774141431154,0.0662932811323644,0,0.711637080158421,0.753521020242125
"patient_143",0.144153198893904,0.119428298472898,0.0109913742984286,0,0.0748196342304831,0.0474698847056149,0.0264732569155326,0.127906956031362,0.107330227109476,0.184035575830338,0.0626915479715484,0.00802992738816197,0.0140274223320274,0.0726426958202242,0,0.604551836463074,0.84660280891021
"patient_144",0.14131851815172,0.0478721209175966,0.0460918126495342,0,0.126273877214288,0.100249352623757,0.00498673507460891,0.165714156743185,0.101003851442747,0.10278794438896,0.0377450402753525,0.0112474189056376,0,0.114709171612612,0,0.439223895985709,0.91845689682105
"patient_145",0.0872709179165454,0.0293106878174502,0.0074047953031082,0,0.0758112509239286,0.0871368252518444,0.0293548624767604,0.234174892824629,0.0832005597560281,0.1401511813853,0.0923276423141093,0.00679512205160869,0.00719678936616295,0.119864472612525,0,0.556069882206732,0.858870083222792
"patient_146",0.228703831439115,0.0595193598623822,0.0614709547916125,0,0.0534359782263173,0.0470717579103654,0.0320032294121165,0.159021061598185,0.0657499729665255,0.149411257092732,0.0227567253069466,0.0114891542084856,0.0408904587481063,0.0684762584371106,0,0.635730929775493,0.849370341484294
"patient_147",0.0706240495773271,0.0958891293591061,0.0160521736492832,0,0.0407707948578491,0.0356076407057549,0.0277951729227051,0.184416178193897,0.0681899720214809,0.312271837160586,0.012939323873455,0.0116544590720529,0.0702660794123214,0.053523189194181,0,0.753340876026566,0.740387704640373
"patient_148",0.0449133377348418,0.0506494679196832,0.0156897164591989,0,0.0296716635926131,0.0416004759510858,0.0290573186438196,0.18451618558167,0.0474531985146538,0.408721346603775,0.00279139007971323,0.0123920004712772,0.0920837265901764,0.0404601718574917,0,0.711917139161434,0.731188769297115
"patient_149",0.187184361323466,0.105137412575104,0.0487548454519696,0,0.0272587365097115,0.0391118891016333,0,0.151432318070721,0.0583625851964405,0.279053672004303,0.000439954046589968,0.00585510382292793,0.0558820567465076,0.0415270651506262,0,0.597660012325235,0.834252980134938
"patient_150",0.077532639405984,0.0592075334166367,0.0135253159246513,0,0.0980398531081987,0.0699968039442794,0.00994350787513587,0.145499271381747,0.115680893333961,0.271899249555623,0.0314135954059556,0.0129750025704062,0.0102021314635606,0.0840842026138606,0,0.675311811840469,0.801650609800131
"patient_151",0.0832882471418535,0.0634640061225888,0.00787195191245989,0,0.0688774049930435,0.0779119690160685,0,0.210892232235689,0.0879719915031863,0.208872933912898,0.0563436910172737,0.00649988826262814,0.00868118021784423,0.119324503664466,0,0.58448352571479,0.847292422605464
"patient_152",0.113912775428193,0.0961719546313641,0,0,0.0652014035905923,0.0517491185018278,0,0.19607157716161,0.161740038505105,0.077294967081646,0.00359540910372922,0.0044776963620285,0,0.229785059633904,0,0.239173116142082,0.970998920753782
"patient_153",0.100511392262863,0.0559241744994756,0,0,0.0371419201959766,0.126530906182002,0,0.244482324134219,0.111389636679977,0.0994629469891901,0.0103320528744521,0.00714378019298849,0,0.207080865988855,0,0.304611681729699,0.953752880924525
"patient_154",0.172507649033681,0.0454375653933527,0.0361645456788667,0,0.0742861603460276,0.102924808003793,0,0.139129883706632,0.0810400873974764,0.182450296421495,0.0284329570109973,0.00370630037223923,0.0377597957076042,0.0961599509278354,0,0.526583717912316,0.879337602549502
"patient_155",0.0817793765777484,0.0488491830498099,0,0,0.0268579575639207,0.0950025740869783,0,0.242603011372315,0.149746899147871,0.105821238901477,0,0.0105317468560179,0,0.238808012443861,0,0.277177702487705,0.960736849366711
"patient_156",0.11981868533601,0.0574885358291098,0.0223137467519081,0,0.06108510230355,0.065605280768623,0,0.197354076601132,0.084101917436145,0.21209369240363,0.0369536779348629,0.00772323463890944,0.0368973989328541,0.0985646510632646,0,0.628893408382509,0.832257824348732
"patient_157",0.102922071872027,0.0157318008156942,0.011069957995585,0,0.117643477531768,0.0981606183996595,0,0.193011806021165,0.135902536517311,0.139169376441971,0.0433286678046513,0.0158987229347766,0,0.127160963665391,0,0.410118933736884,0.921515839974844
"patient_158",0.0499096259317265,0.024271585917676,0.011980683265534,0.00837187181660112,0.0738675886268382,0.0758277139121598,0.0946138900313681,0.11074349898695,0.0804315213002955,0.254071926943357,0.137126664607306,0.00736260789482929,0.0174493243126823,0.0539714964526768,0,0.590816228522379,0.814649753065155
"patient_159",0.0668212944279871,0.032603079434074,0.0107328331339631,0.00888071034632105,0.0471462915009086,0.0611809075631916,0,0.17453500629814,0.118531352782093,0.308143220579849,0.00984985642569818,0.012110970698946,0.0118907320408861,0.137573744767943,0,0.602451918611532,0.82610507288621
"patient_160",0.0679905634086593,0.083845780259337,0,0.0158418650431,0.00330868009314032,0.0393374204668217,0,0.256913175353887,0.105784231248099,0.258763507755997,0.00524042283045141,0.0168641752188591,0.00859096343782564,0.137519214883823,0,0.539124671227906,0.863657405222248
"patient_161",0.0750031971205558,0.0121601270012816,0.0247663983672528,0,0.0162954087340866,0.0652366299602223,0.000100042763259739,0.210768237397205,0.148299139028777,0.178995306432074,0.144321591469667,0.00830247508866106,0,0.115751446636957,0,0.622466553950408,0.801963382829267
"patient_162",0.0130704894590382,0.055268646661807,0,5.44475356225515e-05,0.0325703922498949,0.0223013768106686,0.0042083703534614,0.263785550521065,0.0600765483729883,0.392100359111087,0.0120959083998829,0.00932575769861765,0.106260512085347,0.0288816407405194,0,0.740466487359129,0.709306494814427
"patient_163",0.162104396114819,0.177446193250174,0.0076867801539391,0.048581545143374,0.0201025380100226,0.038395478618483,0.0268258522552251,0.0958725650510819,0.0591036951146807,0.268619291757412,0,0.00534216032521971,0.0557763095514998,0.0341431946540692,0,0.511840426592685,0.874460797713911
"patient_164",0.114565824586567,0.0402872889150244,0,0,0.108369224783084,0.117169423767535,0.00699599298244291,0.213561816341934,0.0977558488456304,0.100964585641928,0.0157146717256273,0.0131268392166654,0,0.171488483193562,0,0.328815540434792,0.948530368751935
"patient_165",0.145661584366073,0.120494280189426,0.065179394692959,0,0.0739769060180196,0.0469289483286544,0.0214581261045323,0.18443727813866,0.0993559334276771,0.123009075914892,0.0293264656258521,0.00837027400852415,0.0228185912733362,0.058983141911395,0,0.610406580120125,0.866261691989134
"patient_166",0.0818260449047326,0.0609064457359378,0,0,0.0706987719795933,0.0961932881614423,0,0.215836447997888,0.173844688083605,0.097577825289825,0.00184351075413541,0.00914803752063197,0,0.192124939572209,0,0.312959197990987,0.951959872062669
"patient_167",0.0346881908897179,0.0637076141875656,0.0174614330318931,0,0.037114709241729,0.0310692839566618,0.0101696598374425,0.149438355278447,0.0898997673686783,0.442787594309612,0.0444915920839929,0.0127972662529542,0.017984514054926,0.0483900195063804,0,0.798053434940655,0.658605857679949
"patient_168",0.139565270091868,0.0287100771792531,0.0360802464778453,0.00232656618685441,0.0326013409390326,0.0537503382812715,0.0585920956227841,0.146340760592576,0.0852236541387386,0.213284470167787,0.104733520528087,0.0193235286027224,0.0300312602258061,0.0494368709653736,0,0.725581772447571,0.756355146434181
"patient_169",0.0828767459240883,0.0254251584479137,0.0144679865476268,0,0.0508835235428666,0.0829117147122495,0,0.236133050870623,0.0958901388844511,0.162583424501469,0.0852618806132165,0.00287473942787629,0,0.160691636527619,0,0.490858879972142,0.882171244450622
"patient_170",0.0624575679730564,0.0167700931040065,0.00684769116332318,0.00712621702986835,0.0351014723829379,0.0771714279118606,0,0.209738746544933,0.119687977449103,0.229979057106752,0.0520246736946997,0.00613103066868855,0.0122026450416614,0.164761399929109,0,0.486742402339839,0.881192817590814
"patient_171",0.11827350986435,0.0304671029459016,0.0150839160921122,0,0,0.0735766658443199,0,0.139661245627983,0.212920180973548,0.127700825542986,0.0343877101042728,0.00990092749756327,0,0.238027915506963,0,0.299038091023131,0.954283969903722
"patient_172",0.0968605524972134,0.0462391122565023,0.00207643721459639,0,0.134522908005205,0.10607359154136,0,0.25152330101921,0.0972586994480332,0.0883448486649973,0.0208354116141633,0.00807219400561593,0,0.148192943733103,0,0.314421893633205,0.952861646044966
"patient_173",0.0445454036225514,0.0759200358941855,0.00272934290011585,0,0.0294554479996238,0.0303725258622616,0,0.159599444636698,0.0625202666196936,0.46331915019856,0,0.00939649238316454,0.077811126163471,0.0443307637196743,0,0.635173817213886,0.778492669571917
"patient_174",0.188142660988162,0.0646461300208815,0.028857761222669,0,0.0524994293231129,0.0589703405047302,0.00608459083132658,0.168194289559873,0.0581747032498684,0.231753805893215,0.0176752956673417,0.0061188726362198,0.054195232876889,0.064686887225711,0,0.668335891068999,0.815288799586367
"patient_175",0.0649908751470942,0.0705742319269349,0,0,0,0.0820931207370616,0,0.234545285376835,0.190855006374544,0.0899241000045517,0,0.0115033022670086,0,0.25551407816597,0,0.257446806510393,0.966485508401324
"patient_176",0.0945822512306021,0.0513944017790442,0,0,0.0871457491347589,0.108373326541406,0,0.181275805872175,0.157907902342116,0.0997731138688519,0.00239956459816249,0.014852248935845,0,0.202295635697038,0,0.319715941733887,0.950170944227642
"patient_177",0.0585374555984324,0.0197639873800528,0.00555594660899583,0,0.0511528052149353,0.0558091832754185,0.00709514648835017,0.16099464570206,0.107285027592575,0.334019785225678,0.0897628595252741,0.013934203060906,0.0138014404110482,0.0822875139162744,0,0.772940234215982,0.696650584322503
"patient_178",0.179345820046444,0.0812852881670264,0.00533189057838973,0,0.0203912308488973,0.0266383310697428,0.044234752090465,0.128778528735411,0.0471591292212588,0.354258306289472,0.000294988806156492,0.00600087187206877,0.0599530118711927,0.0463278504034751,0,0.729386436179323,0.74765741456386
"patient_179",0.0741934814149381,0.0136733169388492,0.0280226585085025,0,0.0310457657407706,0.0513687581186372,0.1073891982195,0.082222575780334,0.0841043884321827,0.172558486321314,0.256540938023575,0.00349559455744592,0.0212791899297278,0.0741056480142229,0,0.673727358003198,0.743283352331224
"patient_180",0.10460358054821,0.0669197065243803,0.0249441264984893,0,0.0400389665427768,0.0831854677085768,0,0.149259399812182,0.168476314971023,0.128379937094369,0,0.029814641044179,0,0.204377859255815,0,0.338690273587399,0.943604183782382
"patient_181",0.0254067463685765,0.0527127672302873,0.00150888462251139,0,0.0297269440262626,0.0226622468398832,0.0225638665961934,0.164636913968269,0.0603765860183602,0.479473853135104,0,0.0084558245824555,0.105149735023538,0.0273256315885583,0,0.702366730930419,0.72338063978432
"patient_182",0.039501641481549,0.0770101794368393,0,0,0,0.0873852547832198,0,0.222125768558857,0.149446452171479,0.145175040264088,0,0.0108480793357801,0,0.268507583968188,0,0.232241011152043,0.97554789574721
"patient_183",0.0356274393233934,0.144732442996097,0,0.139228185570901,0.00515521215222002,0.046592168826545,0.0040255405721214,0.115095213041548,0.0564254432013921,0.350792919739748,0,0.00665986146549695,0.0524226994432056,0.0432428736673319,0,0.72031877840679,0.751740729577977
"patient_184",0.0687407749596007,0.103468390230117,0.0188255201988582,0.0196764327896048,0.082408000297274,0.0544379208296429,0.0340035422541566,0.150112633963461,0.101343115963068,0.226747595752726,0.00846891154043971,0.0210027078030405,0.0542999630864778,0.0564644903315331,0,0.645182666606636,0.827996669116072
"patient_185",0.175440915301429,0.0452203876088308,0.0215262077996558,0.0107999829594055,0.0516347229673947,0.0858699122159924,0.00721694795462196,0.228769035205542,0.103236774521109,0.112353368817414,0.0259006650356834,0.0102335264133889,0,0.121797553199532,0,0.441520374997654,0.919350077365019
"patient_186",0.169117968045645,0.106062484749593,0.0425909785627605,0.0857235199538269,0.107992472541258,0.122811574239296,0.0135470325638127,0.108984217821607,0.0367375480113876,0.0913510460344527,0.00975923873365832,0.00955978456050385,0.0216624756269464,0.0740996585552517,0,0.529027186359037,0.89934134421044
"patient_187",0.0561181645225473,0.0168847405663911,0.00745931247329936,0,0.0413345228484252,0.0529093448508564,0,0.223190011268675,0.111816704825852,0.17784562199522,0.190420363545482,0.014093548245487,0,0.107927664857764,0,0.610501129376507,0.798507794911436
"patient_188",0.125227898717291,0.0728585649409789,0.00284062006492292,0.00810034544941946,0.0587650686123524,0.0465121152842471,0,0.129043657420783,0.0750469235157357,0.318916966479538,0.0362904049590533,0.00459963465132834,0.0405847190517866,0.0812130808525636,0,0.700209375198897,0.768430542269524
"patient_189",0.10305533644336,0.0583979973424194,0,0,0.00224358928399685,0.0973907647463399,0,0.217831312564513,0.187465145684251,0.0937005409211038,0,0.00956864013757481,0,0.230346672876441,0,0.29074668238111,0.957025266419494
"patient_190",0.0982325051743834,0.0177853689851365,0.0190059003859546,0,0.0987923977668471,0.0928180871182256,0.0448209497031195,0.126575201506435,0.0946614504216617,0.237572385271623,0.0255549803259998,0.0173941065431247,0.0227392594965068,0.104047407300982,0,0.600627578446099,0.841861908268241
"patient_191",0.0164249822669407,0.0449380668684901,0,0,0.0271406054076186,0.0281472288336796,0,0.146816117209477,0.0905766138318899,0.537999040941113,0.0119407621462989,0.00177067463174398,0.0527902416897619,0.0414556661729866,0,0.761437012145225,0.666541016045447
"patient_192",0.146225250227356,0.0815204443388332,0.0124617516499531,0,0.0307822685606247,0.0270946810003544,0.00113752737335437,0.128139876688112,0.0646171427443747,0.393513342107195,0,0.00520810777030215,0.0686138454640428,0.0406857620754974,0,0.706523031159319,0.746672516874494
"patient_193",0.115081677613291,0.0446093196793246,0.113307420945254,0.140383630321076,0.0159243585566361,0.0699118727537746,0,0.124043248057468,0.056711161929608,0.181936226374704,0.00544433832147715,0.0169557503604281,0.0475261191047544,0.0681648759822039,0,0.63123238144866,0.831270038508383
"patient_194",0.0474036059467982,0.0234037654587079,0.00466366693728684,0,0.0407366691776789,0.0515031072298436,0.027783674683671,0.156435271809793,0.0762495471929588,0.433382527071058,0.01360406689025,0.0170712369496707,0.0497952778569627,0.0579675827953199,0,0.709004430329713,0.731898471477616
"patient_195",0.0554798600032728,0.0182935135086912,0.00601340128179345,0,0.0326677686237426,0.0357427319152835,0.118247677929204,0.150300200047333,0.0729246543170666,0.133118843498218,0.318195485013342,0.00632985243764523,0,0.0526860114244077,0,0.792337756256508,0.618677226079656
"patient_196",0.0839999416084684,0.0837431663163956,0,0,0,0.0847796413554659,0,0.163365703753506,0.213313590249963,0.103179239683223,0,0.0149559062778375,0,0.25266281075514,0,0.27502309109567,0.961344714179584
"patient_197",0.279363335799101,0.105478620886444,0.0392720177891186,0,0.114840084071619,0.0799180679498918,0,0.0702297409479092,0.0731541932204252,0.129716633781734,0.0458599245186016,0.00888251978014902,0,0.0532848612550063,0,0.412006078936753,0.921840134902543
"patient_198",0.0490438756359965,0.0424133975175001,0.00172409411833632,0,0.0420042069086523,0.0487890065207442,0.0105056224155766,0.175230656643325,0.0423899469363394,0.459422564020227,0.0162861876343904,0.00678371737913605,0.0542156030336505,0.0511911212361251,0,0.744890581179816,0.698531864415662
"patient_199",0.068377813458366,0.0706249725862803,0.0508759557282458,0,0.106861577820639,0.0718898029875127,0.0458954468941313,0.1285045587551,0.10466228099944,0.137773470505077,0.137543578282072,0.0115485946843335,0,0.065441947298802,0,0.594991045519702,0.827048136900009
"patient_200",0.0904359291979923,0.0288309341318417,0.0289929121749595,0,0.0466053497870107,0.0439397031114934,0.0258190479535407,0.192643363147816,0.0967777662288775,0.212440368862264,0.149307619543525,0.00528826180858589,0.0107197826821415,0.0681989613699519,0,0.757341364671433,0.712651119991013
"patient_201",0.0642663581224167,0.0496602578417491,0,0,0.00872529625058534,0.0272852346757062,0.0243606572058619,0.190666048146811,0.0904225182402366,0.413966247797755,0.0086619387338068,0.00805096623733485,0.0621469713639143,0.0517875053838223,0,0.588739700189102,0.813755369768792
"patient_202",0.118107220424286,0.0434100074500778,0.00681930938463844,0.0145627138694255,0.0460385379681904,0.0882995407396472,0,0.199045441894479,0.184242940714017,0.109966464779911,0.00623052018268123,0.0130226296737168,0,0.170254672918929,0,0.333935776571147,0.946489984304558
"patient_203",0.0212475884153163,0.102691693446364,0,0.0512155670516294,0.0167481227839119,0.0286361154510919,0.0110837799834084,0.157057487646517,0.0763390326799541,0.42344645307871,0,0.00419551132366318,0.0720662479298846,0.0352724002095486,0,0.50018841228655,0.866359967810382
"patient_204",0.0678335826743031,0.0252345631610132,0.0227525947778218,0,0.0107175511501956,0.0432113058495231,0.0333315064669578,0.168172389192193,0.0753914720566167,0.322368375039231,0.153601583808769,0.0132302819051146,0.020178628676044,0.0439761652422172,0,0.756265952616187,0.682776045542262
"patient_205",0.0482591219413326,0.0752436341007859,0.0359193502852511,0,0.0292242691884193,0.0366725159799345,0.00416088474755015,0.153940445125199,0.0591509193861433,0.42605492454743,0,0.00962100205554813,0.0672200429723406,0.0545328896700658,0,0.718600282148651,0.726485307888254
"patient_206",0.104077043813226,0.0175764776347259,0.0119480632397891,0,0.0456519216645565,0.0575891950866761,0.0285183937925697,0.181034370933922,0.0773303189699299,0.281586703192851,0.098337428471636,0.00804638563757906,0.0225692595568338,0.0657344380057048,0,0.761733625750701,0.718119198921579
"patient_207",0.0912189764877963,0.0706484432044372,0.0135581660862345,0,0.0495434304138147,0.061004238797153,0,0.182139134907412,0.10439667931873,0.224960012237645,0.0545112597962139,0.0134399234338354,0.0564611491646829,0.0781185861520439,0,0.593221019098712,0.835196002332144
"patient_208",0.0860343624660388,0.0737667053841461,0.0356279902133141,0,0.069953897095021,0.0637445641604156,0.00894245058319586,0.183561343960184,0.0488821830343948,0.304216699193665,0.0216425208034022,0.0149066298985269,0.0448885700395827,0.0438320831681127,0,0.698427184445178,0.776433531575644
"patient_209",0.145101334991272,0.0773854239826821,0.0472134349992564,0.00792651472004778,0.0476833159949364,0.107155192381825,0,0.21885898094427,0.11238972498092,0.0654550656952744,0.0128803069125682,0.00952188287548411,0,0.148428821521463,0,0.343077388530662,0.947057019724986
"patient_210",0.0834991402649553,0.0733158256420917,0.00961925211281768,0.0451860681193016,0.047531114932108,0.0615737647473485,0.0116213073004468,0.114063567279485,0.0635262015241385,0.372959302475903,0.0144408798859649,0.0160491465712103,0.0337248112376495,0.0528896179065792,0,0.693072954900961,0.763186777477123
