,Epithelial...AT1,Epithelial...AT2,Epithelial...Basal,Epithelial...Ciliated,Epithelial...Goblet,Epithelial...Ionocyte,Epithelial...Mucous,Epithelial...Myoepithelial,Epithelial...Neuroendocrine,Epithelial...Resp.Airway.Secretory,Epithelial...Secretory,Epithelial...Serous,Epithelial...SMG.Basal.Duct,Lymphoid...B.cell,Lymphoid...CD4.T.cell,Lymphoid...CD8.T.cell,Lymphoid...NK.NKT,Lymphoid...Plasma.celll,Lymphoid...Regulatory.T.cell,Myeloid...Alveolar.Macrophage,Myeloid...cDC1,Myeloid...cDC2,Myeloid...Inflammatory.Monocyte,Myeloid...maDC,Myeloid...Mast.Basophil,Myeloid...Neutrophil,Myeloid...Patrolling.Monocyte,Myeloid...pDC
healthy_001,0.0472506,0.078527618,0.065251714,0.073027496,0,0.029218912,0.060444191,0.036176623,0.079572418,0,0.045734044,0.003231955,0.067621052,0.043295135,0.004395335,0.036646461,0.029730931,0.030023144,0.0608207,0.006098044,0.034744151,0.024492775,0.013970809,0.005019382,0.033823849,0.007757969,0.032543397,0.050581293
healthy_002,0.027657767,0.02326794,0.063548477,0.08447105,0.030730026,0.020007042,0,0.021259494,0.022161208,0.00266649,0.094607265,0.072353423,0.017208808,0.03059426,0.021088665,0.042336178,0.00334535,0.030502714,0.029249559,0.139710745,0.010534526,0.022077238,0.022383131,0.019825509,0.046207806,0.00889364,0.071208143,0.022103546
healthy_003,0.014192859,0.011701892,0.047481419,0.103370137,0.001641414,0.022155201,0.001663708,0.030378378,0.030288055,0.015869825,0.117049252,0.071365421,0.01140149,0.023346236,0.013790493,0.077087687,0.007436481,0.018213215,0.006255831,0.119100521,0.012832645,0.055888306,0.004111602,0.005675685,0.045845579,0.033249121,0.075544633,0.023062917
healthy_004,0.053686944,0.076676208,0.05698711,0.097267831,0,0.038136014,0.039331105,0.026112078,0.078207419,0,0.025829843,0.016687177,0.014927935,0.111873233,0.044103011,0.018273427,0.00349249,0.064933243,0.058136443,0.011894365,0.040070661,0.05067437,0,0,0.049806744,0.001463495,0.01043905,0.010989803
healthy_005,0.015905023,0.030476782,0.029696639,0.058365709,0.00113657,0.024042312,0.004752686,0.030795267,0.023461305,0.000450143,0.023929792,0.029365615,0.017861846,0.034400798,0.030737324,0.088121972,0,0.031029819,0.008817241,0.225659729,0.022169877,0.044168466,0.001594152,0.011878683,0.043713565,0.023781338,0.123473592,0.020213754
healthy_006,0.017106265,0.029681643,0.011627971,0.057626965,0.01482942,0.020253799,0,0.029300446,0.035872561,0,0.055215567,0.03003178,0.035840459,0.039415228,0.040475049,0.091885572,0,0.038633432,0.015820173,0.129320059,0.017132051,0.044388342,0.035503582,0.004777485,0.052105659,0.066372304,0.070087464,0.016696726
healthy_007,0.012180831,0.017869209,0.025056837,0.040132052,0.030778205,0.013784009,0.012450735,0.022273658,0.029552931,0.006602243,0.034756511,0.036328602,0.008664618,0.024157412,0.018858142,0.09269213,0.008318013,0.025817988,0.027500087,0.155196211,0.009676751,0.071892479,0.024639524,0.00724264,0.033256205,0.087630119,0.10256552,0.020126339
healthy_008,0.010417534,0.018003374,0.040558759,0.058355613,0.019631586,0.019138172,0.019840849,0.014244106,0.022626565,0.018584665,0.034102831,0.016216709,0.022067848,0.035667179,0.021232233,0.065869207,0.004809651,0.028265288,0.01300354,0.271722014,0.016842163,0.040441177,0,0.012000196,0.031339124,0.021561712,0.108936462,0.014521445
healthy_009,0.026263765,0.024688867,0.042041242,0.071425035,0.051282741,0.022899017,0,0.032539172,0.036222813,0,0.049610095,0.07798882,0.037382744,0.028020764,0.025764057,0.057263144,0.014431776,0.031311938,0.041997798,0.096485061,0.025076424,0.032924092,0.010777609,0.012574716,0.035207185,0.028167007,0.062272403,0.025381715
healthy_010,0.024839995,0.033481619,0.028947112,0.089076366,0.010043967,0.018748522,0.017571389,0.025360009,0.026855606,0.013701897,0.032511483,0.037308585,0.024992466,0.047801999,0.047379782,0.058530587,0.000298658,0.042031573,0.036123332,0.139375533,0.025775788,0.062326243,0,0.001351635,0.040918465,0.016986838,0.084684093,0.012976458
healthy_011,0.01935807,0.012653523,0.038382008,0.112608062,0.042464911,0.014419404,0.010620012,0.026150545,0.028567922,0,0.068982076,0.032004623,0.045672616,0.01354594,0.016609171,0.054775476,0.028852861,0.024733719,0.012794647,0.155132108,0.012906644,0.022526785,0.016082417,0.011735443,0.015410841,0.014745412,0.124960225,0.023304539
healthy_012,0.014140279,0.024212257,0.0305677,0.035859312,0.015119676,0.023643356,0.008992901,0.023285882,0.026288731,0.002698458,0.014341777,0.034863601,0.02615222,0.020604279,0.023190602,0.093708421,0.002605964,0.031139955,0.004241211,0.26301932,0.015844044,0.041273646,0.012528981,0.012135605,0.029327389,0.013523941,0.138649439,0.018041055
healthy_013,0.008847796,0.012870101,0.026497457,0.066620806,0.03032825,0.019884377,0,0.033105371,0.027728431,0.009116168,0.092877302,0.056015366,0.027003753,0.019257123,0.018195593,0.083181969,0.005870731,0.018177451,0.000387743,0.224228398,0.016658679,0.011133965,0.011781854,0.013164325,0.040396864,0.017921743,0.086112089,0.022636297
healthy_014,0.017858616,0.012940743,0.04975599,0.061927591,0.016258222,0.020226926,0,0.03183915,0.025372977,0.018296287,0.089335573,0.069811754,0.030954307,0.014860472,0.022868526,0.075387865,0.02202414,0.016375554,0.005936379,0.162705551,0.019312672,0.002913953,0.025839162,0.023557816,0.029932898,0.029551044,0.079331177,0.024824657
healthy_015,0.012982954,0.012422586,0.034455862,0.034956064,0.015018433,0.015241211,0.002150509,0.029588535,0.027773521,0.016874963,0.0881857,0.052166187,0.029609571,0.01673238,0.005959573,0.100848066,0.014879893,0.023708156,0.00403145,0.228235356,0.007293863,0.027900696,0.01799775,0.012866939,0.035182186,0.024477675,0.087634137,0.020825784
healthy_016,0.008606729,0.01255253,0.031244225,0.06906901,0.054640588,0.009991692,0.01234695,0.019636591,0.019194416,0.013177352,0.044766109,0.027655251,0.032537895,0.013256938,0.006300357,0.089123661,0.010779273,0.013249456,0.020373311,0.270868717,0.010127559,0.032100167,0.002546835,0.008895032,0.029500658,0.018949968,0.099817001,0.018691729
healthy_017,0.018384872,0.023480239,0.035035219,0.049025441,0,0.026578985,0.007427745,0.029530255,0.021383109,0.016921134,0.018850688,0.041578733,0.044113002,0.028209562,0.021728898,0.064696427,0.01114225,0.027121336,0.010627164,0.272564356,0.02133966,0,0.023085876,0.015562003,0.028515196,0.009279341,0.112752068,0.021066441
