"","Epithelial...AT1","Epithelial...AT2","Epithelial...Basal","Epithelial...Ciliated","Epithelial...Goblet","Epithelial...Ionocyte","Epithelial...Mucous","Epithelial...Myoepithelial","Epithelial...Neuroendocrine","Epithelial...Resp.Airway.Secretory","Epithelial...Secretory","Epithelial...Serous","Epithelial...SMG.Basal.Duct","Lymphoid...B.cell","Lymphoid...CD4.T.cell","Lymphoid...CD8.T.cell","Lymphoid...NK.NKT","Lymphoid...Plasma.celll","Lymphoid...Regulatory.T.cell","Myeloid...Alveolar.Macrophage","Myeloid...cDC1","Myeloid...cDC2","Myeloid...Inflammatory.Monocyte","Myeloid...maDC","Myeloid...Mast.Basophil","Myeloid...Neutrophil","Myeloid...Patrolling.Monocyte","Myeloid...pDC"
"sample_1",0.0810640813944126,0.0724330442130822,0.0672374337806524,0.0774484667927423,0.0396835728669533,0.0292586572670179,0.0622879958154628,0.0484079256012648,0.0347843961302502,0,0.0295184475530074,0.0100251263383467,0.0525429285036147,0.0459981006116035,0.0419877721902129,0,0.0426669728471189,0.0290578197196483,0.0264712814328148,0.00551557149233644,0.0366425905067009,0.0125599905061529,0.0311473846109153,0.0284796184168799,0.0168048660451566,0,0.0376007357882595,0.0403752195753929
"sample_2",0.0217757350408632,0.0241728131659967,0.0383621941949963,0.0287485054946525,0.0334311250635017,0.0190483366971745,0.0355934736050277,0.0334763648746833,0.0231771312475592,0.0239099220808382,0,0.0129926716090315,0.0623002077790326,0.0205107192982475,0.0104242223028611,0.0385374144607217,0.0453071872053345,0.0239920533391135,0.0102082810425506,0.143377085511217,0.0283654989928227,0.0252031286333645,0.0408924320291173,0.0242481588285707,0.0164941367115522,0.0202405124503202,0.15953847660037,0.0356722117404794
"sample_3",0.0806714236648234,0.0638199650521725,0.0538493530691555,0.0755068614166378,0.0326400387400554,0.031413901848595,0.0743549233853325,0.0525649249608545,0.0440491387151586,0,0,0,0.072630385850885,0.0549343992562493,0.0588211989546258,0,0.0420892086689339,0.040726595336591,0.0286349648465778,0,0.0361255220992922,0.0232613066368544,0.0116005852488093,0.0250734437920045,0.0152176233310994,0,0.041598253832598,0.0404159812926942
"sample_4",0.0144645642202006,0.0234159098377907,0.0290584073758331,0.0183761779794825,0.0148504039629218,0.0164800444654266,0.0313573469894724,0.021038391048215,0.0174935732592926,0.0222305701320464,0,0.0089892034944821,0.0480407016187478,0.0198665085819815,0.0157174492948399,0.0332759816620189,0.0207372981117753,0.0317834357367468,0.0137665325162897,0.29966474261444,0.0211542692934168,0.0261199909849593,0.0429837699829915,0.0122340172007658,0.0179368843682682,0.00201092199360748,0.159198498976371,0.0177544042976159
"sample_5",0.0183401646502166,0.030735767385802,0.0330766084821928,0.0307769019626402,0.0300253092556081,0.015187096162786,0.0375730168497291,0.0284988743416581,0.0189247146792039,0.0282467834032799,0,0,0.0621293210940977,0.0127662593379539,0.00904660581071003,0.0310807646239161,0.027432849490135,0.0282662843148678,0.0130394961560406,0.275483291119825,0.0208166681923563,0.0261194944207869,0.0498629468721998,0.017107250737206,0.0136666734887966,0.00100881750514617,0.117261558148331,0.0235264815145138
"sample_6",0.0117582132763388,0.0198313431079661,0.02624075195929,0.0134822767892211,0.0161407961952318,0.0144047213871447,0.030843979133006,0.019982813992411,0.0163850146277489,0.0272788226818323,0,0.00769816130625381,0.0433309100866812,0.0257728555710959,0.0161995534357157,0.0361540186252971,0.0211368162917218,0.0349706205347695,0.0119266814333019,0.315676651805078,0.0255843505244325,0.0233640855202903,0.0325914782862043,0.0096194677930704,0.016821948194855,0.00478178112201269,0.161681589782716,0.016340296536313
"sample_7",0.0429574447691043,0.0419805704069508,0.0458170851983679,0.060765941353931,0.034563559168205,0.0347194718725645,0.0506260120828846,0.0469182763113217,0.0280749712736273,0.0108893495999007,0,0.000947927084464687,0.0746882714885972,0.0159535130619687,0,0.0509037133222743,0.0232213455948159,0.0280938820039131,0.0224333926152545,0.0569230707556692,0.0350344514070013,0,0.110690489253565,0.0231783221569043,0.0279699679523617,0,0.0876230876917281,0.0450258835746241
"sample_8",0.0739638379691068,0.0699520354372675,0.0702123756981063,0.0649743926657493,0.0238209024760193,0.0303699555775377,0.071792073452795,0.0553117542994015,0.0466341285476442,0,0,0,0.0904662430210327,0.0476834443094349,0.0273197028957747,0,0.0479764319994543,0.0184087415634724,0.0452556861677359,0,0.0356088195001637,0.0091051458721227,0.0283787204518386,0.0269297022277633,0.0166765633266707,0,0.0448511034932214,0.0543082390476873
"sample_9",0.0344088540557861,0.0355425563445535,0.0245319079380217,0.2517716377743,0.139734241956055,0.0111527258272787,0.0641882533354163,0.0186116094485416,0.0082635446722411,0.00256001537165083,0.0677873443955408,0.00869909631457545,0.0514943355017368,0.0273003077625374,0.032012639035712,0.000471433142523454,0.0165512595005963,0.0410947370563491,0.0255389795100728,0.0162371477983986,0.0167892862590369,0.0108026515690683,0.0196669083489425,0.00910972522419753,0.0184170701328308,0.00020533640944801,0.0326518933076759,0.0144045020069128
"sample_10",0.0819806421333408,0.0579499461246063,0.0727841364221011,0.083422063570875,0.0277738036302264,0.0315471079529764,0.0688901000398428,0.0539717918750367,0.0470658380464472,0,0.00536243964140366,0,0.0719983232145048,0.0415039512051791,0.0394372811716959,0,0.0430834959949254,0.0248326923567377,0.0380153381705565,0.000134512984361576,0.0415613041884643,0.0118842669055289,0.0188429147265551,0.0318000248447504,0.012133049705953,0,0.0396918421549598,0.0543331329389711
"sample_11",0.0753528556234232,0.0647476726877885,0.0701408450379062,0.0616937036951542,0.0266433732247853,0.0279742583546084,0.0723576395266991,0.0669752845601785,0.0453071693622632,0,0,0,0.0813853361026219,0.0428216745626012,0.0327967903550156,0,0.0530646445397736,0.021750151096324,0.0284211344432973,0,0.0339085306072474,0.0185143809652349,0.0254331270327697,0.0322167032319858,0.0119306925517766,0,0.0499120723868857,0.0566519600516597
"sample_12",0.00941271178367846,0.0187605116206804,0.0223020490589109,0.0131738925329244,0.0151766694614667,0.0163220041686251,0.0245644149040426,0.0164910691667234,0.0129456882792973,0.0324243051037777,0,0.0101259717197285,0.0472309088338497,0.0207114962032445,0.014118442268362,0.0524033519996632,0.0163283825512703,0.0322282239076782,0.0128457289974122,0.246712789776656,0.0276510973380602,0.0403386495432522,0.0373085206483283,0.0109992706201719,0.0190242448735158,0.0055710675978276,0.203552417644997,0.0212761193958557
"sample_13",0.0759228962239987,0.0652431326729479,0.0717492040722436,0.062923066185666,0.0380594108646967,0.0353112955365446,0.0757572105980649,0.0617156834720939,0.0466832931872543,0,0,0,0.0705697371118294,0.0390638448033267,0.0457919726392995,0,0.0524995674893664,0.0241301207082817,0.0193605050535388,0,0.0415582998728812,0.00893409257892007,0.0221892815921258,0.0299815245041644,0.0124653282623217,0,0.0400486909340795,0.0600418416363541
"sample_14",0.0285428138017276,0.0466741482803974,0.0478556499278804,0.0192409808993527,0.0211676895670169,0.0153622465819518,0.0408832391432108,0.032080360138393,0.0222624393768552,0.05128322636948,0,0.00829377719185897,0.0576397534135195,0.0113170482489792,0.00629192822929883,0.0435991504286129,0.0207318638148599,0.0229639916495818,0.0190843763524581,0.184508362646354,0.032012383196698,0.0084527395033268,0.0628127594549759,0.0138156688421026,0.0177284212708498,0.000251007677282685,0.136826173883202,0.0283178001097732
"sample_15",0.0880006431203791,0.0726419504519569,0.0639610884768306,0.0940920738406099,0.0255538399420377,0.0320501133537596,0.0506171745351866,0.0522705051212553,0.0307848939559419,0,0.0111885803216934,0.0167317028080522,0.048700703402727,0.057369967969921,0.0548927812610012,0,0.0340427118853639,0.0364963082828989,0.0289132871456134,0.00127875065442811,0.035857141375385,0.0183034028292558,0.0193660355409133,0.0264877527791198,0.0187320359366642,0,0.0379434996774215,0.0437230553315836
"sample_16",0.0960072654617556,0.0824593523732112,0.0467871786339654,0.0862517409394339,0.00821815613760377,0.0344171840791464,0.0447828578096286,0.0356894337304159,0.0379138940970262,0,0.0339824864262456,0.00475861004702581,0.0424871983433869,0.0690469830224097,0.069355896417198,0,0.0303650419915524,0.0458172839521734,0.0356433210955322,0.00464863643417302,0.036142143145136,0.0158754185265029,0.0364726241988244,0.0243506455468949,0.0287956178967489,0.00655000306596505,0.019432017016124,0.0237490096119197
"sample_17",0.0690334807906403,0.0550350943962761,0.0657929397432471,0.0856957069811619,0.0447999098575223,0.0291244022234126,0.0615634877321612,0.0564209271235567,0.0392237827814361,0,0.019630850123718,0.0146142625406251,0.057829468896399,0.0366040894708306,0.0444042352349528,0,0.0428037407252028,0.0273024093342826,0.0329628190642645,0.00526317723056353,0.0408680815150185,0.0142443000050545,0.0247209802684523,0.0224877067830287,0.0174659259270013,0,0.0509257375862322,0.0411824836649593
"sample_18",0.0531717205765037,0.0418016979175947,0.0406311551226679,0.0716386399880351,0.0582483924333702,0.0201409241593582,0.0279961293647209,0.0528188634913737,0.036051399582049,0,0.00241685259903522,0.0119486904459273,0.0555935792981041,0.0241584958381359,0.0280062415226927,0.0299125325756317,0.0369091612425842,0.0277584736451592,0.0269056942108961,0,0.0306144780985865,0,0.0806672128243399,0.0255936249652154,0.0227895406822433,0.0825909534275867,0.0750344633425367,0.0366010826456518
"sample_19",0.0802665131918962,0.0554105402251215,0.0676960752047459,0.0741363263602491,0.0289492562741299,0.0302106011543791,0.0753511727238963,0.0592853461661835,0.0454413020351126,0,0,0,0.0741458008293687,0.0519804024601942,0.0274163864895904,0,0.0514043885807305,0.0251407695740622,0.0397613588619194,0,0.0366585155446628,0.0122942876173287,0.0181822409583322,0.0275715797617337,0.0146797877693836,0,0.0528878774343534,0.0511294707826263
"sample_20",0.0638300835466866,0.0351427483548911,0.081053432934024,0.0475086008037914,0.0374247648364602,0.0333231268628288,0.0810871181579256,0.053956845825208,0.0464617145016033,0.0274278028192299,0,0,0.123989878432506,0.0149483018006268,0.0135915220061265,0.00739586951026303,0.0526969661338255,0.00800413157956168,0.0175234325386539,0,0.0448361468484796,0,0.033553451406334,0.0363634503590463,0.00532301516359815,0,0.0635955436667131,0.0709620519116168
"sample_21",0.0278595984208466,0.0338565252787645,0.0399185501532553,0.0281342542576977,0.0339386427022992,0.0195055101994041,0.0377338888165886,0.0354136215100259,0.0267446132292115,0.0126561551226685,0,0.0185927470792618,0.051322690775906,0.0250882164937432,0.0180195959205873,0.0478035364367082,0.0210139352727925,0.0347855126606661,0.00890898610897012,0.105003622881564,0.0244810633108974,0.0433361755634346,0.0536360553456607,0.0231568332341535,0.0249853054464325,0.0177458819490063,0.153229565103357,0.0331289167260972
"sample_22",0.0744125019382509,0.057480321065493,0.0574916988776041,0.0644668551388334,0.0421450614952806,0.031319126354337,0.0679582197788721,0.0633125564636853,0.0463224148632491,0,0.00100763539627385,0,0.064313040874946,0.038862568904239,0.0326150797009617,0,0.0516201477255381,0.0280800280982822,0.0315181836819151,0.00806283916894339,0.0365566415578829,0.0142298997914317,0.036921588523367,0.0321054781750461,0.021188798483286,0,0.0509428642289445,0.047066449713337
"sample_23",0.0631752121472441,0.0415970458674206,0.0556214098165182,0.080343890000377,0.0854562021360633,0.0193874091197936,0.0325672085536731,0.0486882751758851,0.0262939282735928,0,0,0.000598612375767212,0.0893833835587354,0.0252692335451931,0.0224799773742392,0.00712771626672369,0.0392109017943368,0.028410099195646,0.0348900612706972,0,0.0236007457969249,0.0204686507918948,0.0634091615769803,0.0364736981075841,0.0121162057546904,0.0556729748647215,0.0586110379065679,0.0291469587287298
"sample_24",0.0968885687505422,0.0804403213672597,0.0502718141892615,0.0880135176087173,0,0.0280145392336924,0.0482374171319924,0.0340548570151466,0.0487636568607482,0,0,0.0102889730690636,0.053962481403223,0.0725219533355309,0.0909008051702513,0,0.030300491734635,0.0468153465213563,0.0324561137264561,0,0.0417952342567144,0.0214164575328934,0.0240200191082233,0.0189271049449381,0.0272812631298315,0,0.0189407258628035,0.0356883380467193
"sample_25",0.0797804221641057,0.0664512400248009,0.0819244913839373,0.0638099709263899,0.00737258849458554,0.0299488134101419,0.0711050137337764,0.0529324228505984,0.0461869189675234,0,0,0,0.0829942666676469,0.0435369138550851,0.0276541360664887,0.00880044009891079,0.0479204749756133,0.0222270506910626,0.0217270969884512,0.00296219388613664,0.037759192894398,0.000546306787039697,0.0515349652654724,0.0354953282844519,0.0256788314963515,0,0.0514063453302558,0.040244574756776
"sample_26",0.0884541652751182,0.0691365900766429,0.0572339293817082,0.0813456957456311,0.0199488864492886,0.0326879003791109,0.0722394598159001,0.0531701300838009,0.0419723050943046,0,0.00217436858924935,0,0.0529037408552416,0.0578093954926696,0.0575575501133166,0,0.0476635376421591,0.0412494157720743,0.0311775136538606,0.000620667831773332,0.0371524443022336,0.0164621742274885,0.0132229681014338,0.0245518046436571,0.019336655791784,0,0.0350838297930288,0.0468448708885241
"sample_27",0.0373499287398035,0.0339853715461838,0.0441439539411216,0.0606436469955437,0.0703928202936059,0.0199095396838731,0.0305637489573703,0.0365564466660582,0.0286916605735805,0.0112556985187669,0,0.0246404714691523,0.079454618918383,0.0230950215881215,0.0168491012291676,0.0321315978585534,0.0352604079840597,0.0238006452282153,0.0138176200409396,0.10608595817323,0.0321305855745012,0.0222245258932455,0.0441511740213308,0.0252701488001193,0.0283112707100877,0.00811370913893529,0.0821861342727984,0.0289841931832518
"sample_28",0.100296357463058,0.0863344918735958,0.0466111860927555,0.0866208322596928,0,0.0348965510379651,0.049254018490126,0.0451512753454757,0.0493998014117204,0,0.00948840558022006,0,0.0400301648994176,0.0765058524451667,0.0788981741435024,0,0.032104465632088,0.0493230910180543,0.0366191020093116,0,0.0400911231451397,0.00695366718748597,0.0227434519527117,0.0230250149147349,0.0261568347406577,0,0.0287464484775725,0.0307496898795471
"sample_29",0.0887844718347785,0.0591264923667345,0.0718269341236064,0.0651890083040794,0.0133732588065248,0.0358370869830224,0.0647877497110637,0.0586419232460111,0.0523816855063022,0,0,0,0.073644926990869,0.0461183501526934,0.0477392759308035,0,0.0503686714909364,0.0261247746360433,0.0323384837827146,0,0.0367157541682033,0.0180153127975401,0.0194830290629606,0.0320773387516812,0.0172115674858361,0,0.0405113157895276,0.0497025880780678
"sample_30",0.08084015282909,0.0556187911457607,0.0719980363687053,0.0644414464478206,0.0173561872756315,0.0340558545565978,0.0834383189337175,0.0567160548677689,0.0536962006919966,0,0,0,0.0835562364351037,0.036829768258488,0.0381545708333784,0,0.0533271892773482,0.0170687764314949,0.0286986951403046,0,0.0396814175060534,0.00626328952689807,0.0221292229050893,0.0338036887431993,0.0147377410560569,0,0.0487011550619073,0.058887205707589
"sample_31",0.0531762596401556,0.0517766410537975,0.061780959242245,0.0791497722038021,0.0662576514215192,0.0183293336954879,0.0640455523754883,0.0564663049652032,0.0256027733937601,0,0.0125232085044674,0.00872650151202111,0.0599196263088106,0.0279379900855165,0.0155055620482241,0.024528927308059,0.0429022045014132,0.0253551947864466,0.0198315727949234,0.0447807861184924,0.0376525504873284,0.0148992857040755,0.0389348632506215,0.0283007986465255,0.0110069837381033,0,0.0675116113464482,0.0430970848670647
"sample_32",0.0253374081974166,0.0274465340861382,0.0358337525129454,0.0270804712344854,0.0245867758897944,0.0216657585736931,0.0350136289134269,0.0378813262383467,0.0261373644755233,0.0136149794166535,0,0.0119628098193576,0.0482528114284356,0.0297020804557024,0.0238060190544785,0.0754000590763245,0.0269153520010046,0.0316707664335465,0.0193091474948673,0.11509479268948,0.0313815991047186,0.0429891298539429,0.0250657549965173,0.0259453445668641,0.0233808447846808,0.0175341263840371,0.144681731266778,0.0323096310508414
"sample_33",0.0696738515823979,0.0613947720130495,0.0591687986778566,0.0848984490548362,0.0506677724128446,0.02854744673312,0.0611243298250244,0.048472498357854,0.0468945542544218,0,0.0368527526556573,0,0.0733835306622927,0.0330670483686247,0.0285380067691735,0,0.0391374132425188,0.0189360955076627,0.0267128396180324,0.00717993402869908,0.0374743740531107,0.0257317004296234,0.0181523496620669,0.0335516989353956,0.0265386812039776,0,0.0375949250831349,0.046306176868625
"sample_34",0.0630768027428482,0.0511718857419698,0.0573157464200691,0.0565674461746187,0.0416515510012005,0.0288365213155676,0.0580979162003983,0.0722340395136537,0.0412297487757603,0,0,0,0.0753242879099213,0.0330268011514603,0.0247690862350781,0,0.0616734091168696,0.0216803174718142,0.0255740369048703,0,0.0323297878986588,0,0.0556882353532538,0.0437084184163088,0.00816121000331727,0.0285317341910736,0.073076991115659,0.0462740263456284
"sample_35",0.0224897626522936,0.0298975492479757,0.0390058546999389,0.0572563950465717,0.0286136294450288,0.0177148899475925,0.0372280622617238,0.0271337327268088,0.0229117992746069,0.0129098644215951,0,0.00178525590603903,0.0650526126062477,0.0240801074164059,0.0266318691016775,0.0408768753770399,0.0316612626597752,0.0350214818155272,0.0130588613418587,0.172835902110327,0.0294576567414832,0.0231930633831482,0.0424633899650981,0.0141250080805561,0.0207359811844647,0.00184148506957361,0.140326370502275,0.0216912770143678
"sample_36",0.0920757067012221,0.0659355610519845,0.0570871109622255,0.0823765108178308,0.00508599479399507,0.0347387536702426,0.0671985826757417,0.0497972474027669,0.045187064769686,0,0,0,0.0667174421093812,0.0514835445871193,0.0534194208432835,0,0.0352327834580286,0.0364276281543092,0.0353301303978545,0,0.0307436872830195,0.0272926883504733,0.0196539033117035,0.0344066956408448,0.0243155227199425,0,0.0455622628208328,0.0399317574775122
"sample_37",0.0315363624803775,0.0403201090678208,0.0366518997005674,0.0489311279514593,0.030462803387998,0.0189064411891917,0.0426706969396716,0.0345762160403223,0.0223724578226301,0.0244103800916911,0,0,0.0624533477166719,0.0250527006288282,0.0313487686329878,0.050556901246366,0.0392225399915023,0.0332261337083813,0.0216848317378255,0.103748903883417,0.0251992067379608,0.0348873642838623,0.0418585430724451,0.0223831409124858,0.0194965499151448,0,0.128643107517441,0.0293994653429508
"sample_38",0.0167968725823728,0.0235166403002353,0.0300142432217548,0.0279366866988488,0.0268096767982136,0.0139054546477927,0.0278948745203363,0.0255421910401737,0.0181115832499322,0.0272962795052071,0,0.00879509742373868,0.052013848742251,0.0177137013756749,0.022159261703037,0.0911154332186164,0.0342241373210087,0.0294589613587503,0.016911091812971,0.133839834249329,0.0272911882331859,0.0472874561214405,0.0367495159949933,0.013038773425586,0.0223393071849113,0.0111971285779563,0.171425215274488,0.0266155454171948
"sample_39",0.0350468209217697,0.0309013075778401,0.0381286906136616,0.0775242184266527,0.0612732201172177,0.0160961325961279,0.0200289902012254,0.0416243990006609,0.0270933605915883,0.0123328141320973,0,0.0213758712092708,0.0710277586174948,0.0214618272604903,0.0201432657803163,0.039721109538944,0.0402721065241052,0.0264533413198437,0.0158948412084498,0.0954651690180038,0.0285742621480202,0.0201563303779959,0.0515766249039394,0.0229100445189235,0.0180755013734944,0.00279875429261365,0.11543518238785,0.0286080553414029
"sample_40",0.0612496053439625,0.0547809537306861,0.0519205379481126,0.0507732464092654,0.0506360292315136,0.0294721046710304,0.062361821866092,0.0564168264989646,0.0359027826182639,0,0,0,0.0645316491855156,0.033266180939528,0.0231219678655983,0.0270552876081452,0.0551254611929952,0.0284048645269898,0.020761997512356,0.0213437869534218,0.0402811649561734,0.0349715213618354,0.0248306474650461,0.0246701121311736,0.0300460436822762,0.00999019688569707,0.0679054784062744,0.0401797310090827
"sample_41",0.0516325984255845,0.048388134457242,0.0388984324640927,0.0696981331232124,0.0458593257103023,0.0156710357793219,0.0282286713235667,0.0253382628857275,0.0178513010551109,0.0532319924195206,0,0.0157510359852329,0.0637561992319959,0.0240934273228399,0.0242548404990078,0.026660034243285,0.019569990404635,0.0356549379802877,0.017737371889533,0.122623659054028,0.0258222948672164,0.0176671390560696,0.0499596758000174,0.013174504883533,0.0208742770707569,0.000663941605461678,0.107788031883379,0.0191507505790397
"sample_42",0.0577570975705151,0.0395460986299625,0.0507564609322097,0.15208589652956,0.0613670807403933,0.0228808656050927,0.0366606895684965,0.0532475156733065,0.02861106417906,0.00757525765143133,0.000353518851583609,0.00494245862171046,0.101380705196241,0.0288484827368871,0.0372819860688928,0.00106198316497345,0.0409610797543098,0.0279213970536224,0.0105596764501107,0.0257974437673065,0.0251987202828998,0.00450702079234793,0.0359627931620032,0.0310645058979571,0.0184002491746102,0,0.053565260573834,0.0417046913706825
"sample_43",0.0536545094164765,0.0425563764564544,0.0433374038390618,0.0735706430826502,0.0764369815061836,0.0219226558901813,0.0498842208508878,0.0562386676064536,0.0318089118194903,0,0.0322667476808024,0.00441349704585163,0.0637133233069224,0.0294029083583805,0.0210375265763326,0.0278511888773343,0.0429884089072859,0.0241070499308408,0.023048886742696,0.0245325040638872,0.0331465502110492,0,0.0652150940412155,0.0371156189001294,0.0159524019021843,0.0218213928001099,0.047664616781077,0.0363119134060614
"sample_44",0.0782294439243546,0.068705968057697,0.0666285533970589,0.0727624439722713,0.029429061174013,0.0358821135307434,0.0718828348716836,0.0581653585819592,0.0432402633345548,0,0,0,0.068399177349219,0.0479334781557705,0.037454973985331,0,0.0514597382311148,0.0230223691935326,0.0344199723418301,0,0.0329455421895975,0.0166112494119716,0.0157387057929002,0.0358531445978856,0.0146547034619287,0,0.0396181894146933,0.0569627150298893
"sample_45",0.0523045010365035,0.0302183787626033,0.0381355047049543,0.223031275949463,0.0748278602429961,0.0169073537372072,0.043216655012249,0.0399302473469667,0.0249318899025337,0.0123249781569208,0.00644238231488252,0,0.120625036189609,0.0264871600548143,0.0224402409395019,0.00509111855385161,0.028681554357912,0.0309830705511151,0.0321253224582227,0.0120798797896979,0.0247715881302903,0.000631188489509643,0.0335348318770993,0.0288241087139303,0.018965550210126,0,0.0314658343820263,0.021022488135013
"sample_46",0.0505346066528589,0.0404178358839122,0.0433320167598825,0.0529184489645639,0.0398012043191109,0.0202835553236983,0.0300365339330134,0.0504456714505973,0.0401697455134733,0,0,0.0125830512581717,0.0434501494674676,0.0195828548790793,0.0334804791845639,0.0132177988812825,0.0514133142230938,0.0289092453973032,0.0202748549401972,0,0.0258411841102059,0,0.0938155122636998,0.0400528135352915,0.0241026949533939,0.118521265470873,0.0733468457571676,0.0334683168770979
"sample_47",0.0334227242509462,0.0479246959138631,0.0377981870725844,0.0276834480028498,0.0322496923350958,0.018417056697515,0.0367944867986996,0.0247918142771396,0.0178023317632926,0.0472642621653535,0,0.00938406958472537,0.0592927611763659,0.028141292409651,0.0206868850010431,0.0313947719810022,0.0165951853406205,0.0388656814074674,0.018378689517015,0.15453553969245,0.0267759642970057,0.0202415792260867,0.0693169244702775,0.014606450980558,0.0205436422235678,0,0.123608863579822,0.0234829998350026
"sample_48",0.114531272664513,0.0936331324990236,0.024007893066991,0.0933619463279523,0,0.0405672689929347,0.043447549862162,0.0296437067560305,0.0469320394293861,0,0.0025558438011208,0,0.0301827866969392,0.099327228230344,0.101463257942068,0,0.0227147714954598,0.0652061685632218,0.0486409881633348,0,0.0388698049830497,0.0276554461843285,0.0129698439086556,0.0187753493081593,0.0150415237528644,0,0.0155717812781019,0.0149003960933587
"sample_49",0.0273792997058619,0.0287883341341711,0.0236082753174959,0.0401348359681004,0.0172901776507188,0.0192671389580658,0.0300047853017446,0.0229314972116043,0.0198783485975342,0.00430603742330927,0,0.0138905798166519,0.0409569616155544,0.0470118158237384,0.0499591098201161,0.035428079193801,0.0203654978838699,0.0541825605983383,0.0180282343720238,0.13575226157504,0.027752803818594,0.0715800449118444,0.0279963026352713,0.0114577486841524,0.0247396423532959,0.00303451220965695,0.173887019489912,0.0103880949295337
"sample_50",0.0790805040796619,0.0551642931535087,0.0612890982943014,0.0707736551164029,0.0271819151416995,0.0364167390996677,0.0779586341308046,0.0538246426460728,0.0451358030417816,0,0,0,0.0748742780071891,0.0445699097974503,0.0425070535800346,0,0.0543869073196933,0.0294870880000445,0.0286292106170634,0,0.0341663698699434,0.0219863249757438,0.0265484314677566,0.0302416224527505,0.0201945955667684,0,0.0357246098551196,0.049858313786541
"sample_51",0.0519665146881406,0.0477921494403519,0.0244026338316633,0.0814623751804465,0.0227517411779923,0.038617966953804,0.0376879794094133,0.0364701113388258,0.0281489981221376,0,0.0129874569136697,0.0174319067700473,0.0508830240524387,0.0457505256219673,0.0381701539028991,0.0388884804123149,0.0190282982243389,0.0372458484652297,0.0124599765771828,0.0468038336853238,0.0308113239882301,0.0574865338798219,0.0241936361732325,0.0278279001367801,0.0358511866125402,0.00751617131279055,0.101896477008002,0.0254667961204152
"sample_52",0.0913561678469381,0.073063931102491,0.0400952433509323,0.0832044825349556,0,0.0342957985806032,0.0404190600636791,0.0329675515029192,0.0435970396170169,0,0.00430848892429362,0.00941946360032956,0.02836241040128,0.0775750273844344,0.049932129358024,0,0.0270609978604048,0.0542219163114639,0.0603829088769247,0,0.0263139042385078,0.0389712550828204,0.0407674965497484,0.0262974587050438,0.0251065380401839,0.0370226661241169,0.0453850641662242,0.00987299977666422
"sample_53",0.0169338575288363,0.0201081167538147,0.0263273841863902,0.0474548305702625,0.0297723641606085,0.0168671802708321,0.0354903259002952,0.0171232494545901,0.0148510796897545,0.0179305945520242,0,0.0134545782074821,0.0525915407418236,0.0380613727176558,0.0300557108056625,0.0351039787969516,0.0150628835362602,0.0419545980947833,0.0189334256245706,0.197900081978108,0.0238367623299824,0.0209315117324205,0.0317146314130516,0.0123856204865343,0.0185606700512647,0.0054253650573667,0.18351389344285,0.0176543919158244
"sample_54",0.0144915661360686,0.0164489871917117,0.0178350666840955,0.0469896445135575,0.0433948236389278,0.0099560870247812,0.0187962986071327,0.0199010089603434,0.0152998773671605,0.00951191372237214,0,0.0174526977826586,0.0341258139257479,0.0177783723508366,0.0179544455852682,0.0392814684063186,0.0348564497431621,0.020852849483068,0.0238578424939741,0.0458184531076569,0.0180870790207642,0.0264097519770586,0.06420296046012,0.0140670094463195,0.0152070380042821,0.275768465037239,0.105527876256316,0.0161261530730578
"sample_55",0.0173611875424059,0.0227182201430348,0.024809877723675,0.0296992952940201,0.0281025093641729,0.0157179353961477,0.0306350035397083,0.0207693822583122,0.0162875005066711,0.0213215577642141,0,0.00931941158708296,0.044793904120301,0.0335347538794546,0.0249200743208223,0.0341287799555848,0.0161101300520487,0.0451801521812781,0.0150202399733272,0.182459826135155,0.0238256423678633,0.0464203281582806,0.0561668014126338,0.0153632252547707,0.0230904924473226,0.0150010525713322,0.167985440247581,0.0192572758027995
"sample_56",0.013882940026562,0.0149340604031788,0.0239250736741059,0.0128904879171691,0.015221103349776,0.0121387912707819,0.0182257060573777,0.0184626555332208,0.0145176837044788,0.0151639859181477,0,0.0106488538218441,0.030744411665176,0.0123763026017642,0.00991964971177522,0.0224496353877611,0.0279655620133818,0.0156746308825129,0.0171702527761145,0.0394336154874727,0.0155980210413779,0.00352696147925177,0.166273065789881,0.0251419232160276,0.0179461505683409,0.263289723718619,0.144540216545897,0.0179385354380034
"sample_57",0.0257831369876309,0.0306644081862297,0.0263925853852449,0.052686731669002,0.0438331383437561,0.0190656984614353,0.0267324139745115,0.0227147018352854,0.0155099382343122,0.0202299558551223,0,0.0135584862668882,0.0493175388427349,0.0401251719295342,0.0274971006871736,0.0334032786587687,0.00644435434595456,0.0493158083169416,0.0208234768339397,0.137217252455046,0.0239227842916483,0.0432718734845661,0.0632808698119352,0.0171314738291359,0.027466208291215,0.00830002934764332,0.138010626560182,0.0173009571141617
"sample_58",0.0836643541484842,0.0660370875368694,0.065097406673883,0.0722434949259353,0.0240670229909144,0.0279224294324988,0.0676142805069943,0.0583934480674975,0.0506827894094319,0,0,0,0.0738605812706623,0.0403508805207934,0.0466392159282909,0,0.0474991575970031,0.0264789332900781,0.0300571769760561,0,0.0387733944723968,0.0148225118778997,0.0255176506156001,0.0247242854775395,0.0133742949732425,0,0.0486078536691958,0.0535717496387329
"sample_59",0.0874072573818002,0.0711858329989676,0.0506118511974077,0.0870525638660706,0.00936101059044631,0.0343373990601796,0.061423352879575,0.0401940916613239,0.0429701310213351,0,0.00425468745957218,0.00649449962665827,0.0525637171927586,0.0564701237646552,0.0497546865176689,0,0.032500493626887,0.0402712525124767,0.0458578328580269,0.00913202699135555,0.039258946030026,0.025576930835215,0.0269984236790449,0.0185753842611341,0.027661348653776,0,0.0414176709036814,0.0386684844299575
"sample_60",0.0234668809239724,0.0281341437500948,0.0304982230713166,0.0509798901010689,0.0316006970017294,0.0171047967121948,0.0374375875188395,0.0280109082741012,0.0206066036242816,0.0188440862944085,0,0.0143645502084078,0.0454836357304793,0.0302857639853311,0.0267234043986271,0.032162082955541,0.0292005109865332,0.035520489440622,0.0178898197692418,0.102189243186838,0.0261552320213884,0.0426033761681653,0.0497530050550128,0.0203527999514392,0.022185222446933,0.0192852108651947,0.174342353267565,0.024819482290673
"sample_61",0.0260135279654006,0.0318841613229252,0.017434114989116,0.024417999047083,0.0326146164002474,0.0298027697237191,0.0334772856675632,0.0282372882334099,0.00158444343829808,0.0377117188495485,0,0.0148953273617257,0.0592735502763209,0.0303837733282984,0.0214697429617989,0.0417119046154426,0.00965774138825954,0.0486443792125935,0.0219945813125318,0.207447392400627,0.0266316323310308,0,0.0705775147338989,0.0220021171054515,0.0301939615786281,0,0.107554834439738,0.0243836213163436
"sample_62",0.102196012399688,0.0790224262649443,0.0563392853234711,0.0835192914793672,0.0108856304671143,0.0365513629112192,0.0497069583737195,0.0536807595206287,0.0535611297588987,0,0.00565303838685662,0.000969941079254206,0.0398537755053177,0.0693777714217522,0.0621230363284363,0,0.0370837922536227,0.0352586985286305,0.0268660672585502,0,0.0375339624934919,0.0159037395734134,0.0364062187329725,0.0233240329806164,0.021823812253196,0,0.0231454833970677,0.0392137733077709
"sample_63",0.0595002203963378,0.0643565187565025,0.0558036397039804,0.0725481041347776,0.0393119532421537,0.0333376843091938,0.0662313088985491,0.0568873460636314,0.0270548152897098,0,0.00638650327304207,0,0.0612728447528791,0.0412837423527487,0.0248388346477654,0.0128495636378964,0.0305161823288657,0.0257274952692553,0.0221843648839294,0.0324789869863124,0.038589758697185,0.0177599453195307,0.0552693398492845,0.031003228807259,0.0213561110252957,0.000874181466595667,0.0654593335157379,0.037117992391581
"sample_64",0.0548674167824479,0.0481394356419221,0.0211470735220325,0.0593349999539928,0.0571342708591589,0.0246295946228899,0.0441883358138216,0.0334776675407277,0.0237677746319188,0,0.00215971613798941,0.0291783363326751,0.0390968054006348,0.0445530184214326,0.0368916846209369,0.0188616148807004,0.0159326076316319,0.0486527657274722,0.0244935880926806,0.121611110666966,0.0282976192127979,0.0590128869203322,0.0377968539162009,0.00834086433465988,0.0345543991930003,0.00129867301641007,0.063400789535074,0.0191800965894928
"sample_65",0.0700809691822322,0.0580953898417912,0.0505255980106936,0.106065297669382,0.0419579167789693,0.0227710934396674,0.046453028891576,0.0433243482168967,0.0369788302842616,0,0.00212510581790419,0.0179784055963685,0.0532606053733919,0.0447638484285739,0.0611746568530663,0,0.039886448446573,0.035308478358538,0.0227516532665551,0,0.028061109054441,0.0209194982678463,0.0312967982586443,0.0263282912213851,0.0293581968679642,0.0218235611954894,0.0534962861052061,0.0352145845725827
"sample_66",0.0244570026776611,0.0226610625336443,0.0318200194198387,0.0478801369080108,0.0357643480115247,0.0191512352101012,0.0322118147277767,0.0241304902366058,0.01882962410739,0.0173030994980076,0,0.0176621816560241,0.0497598705110183,0.0375905558622462,0.0300677159158911,0.023750901780325,0.0242208525093249,0.0412861465039199,0.0195549907881605,0.156920672367383,0.0273734843511019,0.0288786401448533,0.0248116880618051,0.0152197704764257,0.0230053802189163,0.00434309732524962,0.177983064316528,0.0233621538802659
"sample_67",0.032047614582375,0.0460939225860327,0.033823212047021,0.0363171499465601,0.0471839112170596,0.0190181414347632,0.0294904372884101,0.0338939568850467,0.0193984275321959,0.0332889800260568,0,0.0113493944148041,0.0731788536816781,0.0250935762156941,0.018891168570873,0.0345510518408622,0.0214028287945197,0.038359290838672,0.0205465254580909,0.121507221734653,0.0225944332535502,0.0441994264335867,0.0807575576428905,0.0161244239527335,0.0284168008359285,0.00735000919591631,0.0793970254121277,0.0257246581778986
"sample_68",0.050528839306763,0.0443113426457768,0.035451052501348,0.0556997245737994,0.0693190928236233,0.0205367341758818,0.0515228974811338,0.0408961653435234,0.0229430259022814,0.0147358056433149,0.0216232468217695,0.0209532914786022,0.0464952256000431,0.0286375941543683,0.0207161010303603,0.0186703301830217,0.026473430049781,0.0360890470165286,0.0288282631706747,0.092282041842371,0.0312819603523559,0.0263775398945626,0.0377943723513671,0.0209062195188675,0.0201212636675073,0.00378439548339887,0.0852599274772503,0.0277610695097246
"sample_69",0.021479263713406,0.0226869135232978,0.0269110218063926,0.0270546244149927,0.0196534223535615,0.0162054020805712,0.0329089977976661,0.0247707688425456,0.0171333184653297,0.0133012158312554,0,0.00813124395030263,0.0431292160812845,0.041003478143625,0.0358706488549601,0.0528147236149052,0.0220373293425457,0.0416738416221157,0.0266300351156871,0.18934763330629,0.0250091762177446,0.0353456336647162,0.0216989924876659,0.0164022482023358,0.0205358788717932,0.000650354869192829,0.176930596976191,0.0206840198496257
"sample_70",0.0660535745997986,0.0627594371045373,0.0519569896624344,0.0702879902512334,0.0316721225401219,0.0317504379235445,0.061301565469767,0.0468316515886959,0.0327766070978962,0,0.0201020396555295,0.00770084291076013,0.0640383737272568,0.0398347008215098,0.0471167126285387,0,0.0313676762254498,0.0393176698115938,0.017434943910872,0.042831416886778,0.0360698212611665,0.0147515655216538,0.0425495909354545,0.0197275021578163,0.0186248008049656,0,0.0636825770414634,0.0394593894611621
"sample_71",0.0841766975580353,0.0671252547452629,0.0744401039237734,0.0665394161709489,0.0333702249010637,0.030027813671859,0.071083593444109,0.0565400167020714,0.0419596695908561,0,0,0,0.0576635117541568,0.0438546936359379,0.0338800858823328,0,0.0535360938471592,0.0248025960859906,0.0267721169873231,0,0.0410383641718676,0.0141854472159756,0.0285139421575462,0.0266647694113763,0.0200616480285222,0,0.0451961640366263,0.0585677760772055
"sample_72",0.0163804122292856,0.0213468671560038,0.0245480389850847,0.0183754274691615,0.0123494185030907,0.0193263778793257,0.03008723226919,0.0201305613460805,0.0181077974500005,0.0202178029551392,0,0.00626594987129223,0.0508185483999439,0.0313458579549282,0.0332054781129689,0.0344160603806247,0.019330629114242,0.0447088048192052,0.0174331398557424,0.171690333269053,0.0279473599399376,0.0415633007494948,0.0127978016999702,0.0189502101571607,0.0187461497626831,0.00130330671869182,0.248318263861378,0.0202888690903212
"sample_73",0.0375282422836133,0.0391170166943245,0.0345051317135172,0.149342049961966,0.0949909391620724,0.0223328190809728,0.0467936812899281,0.0246185314347483,0.000835693045744174,0.0107919209342636,0,0.0020789203540871,0.0825971834021218,0.0277880072794985,0.0166682471477584,0.0409891728686725,0.0107786710088187,0.0348491802377487,0.0181906244903415,0.0809210776805015,0.0249837907904624,0.0163600337772573,0.0524119048668561,0.0192637485714935,0.0214200794545194,0,0.0622789106566139,0.0275644218120983
"sample_74",0.0638749078499025,0.04733524783265,0.0506414342259999,0.0701235142685897,0.0481806130064213,0.0294439700645345,0.0588362268174807,0.0686027851116387,0.0337743807480612,0,0,0.000567011331813779,0.0895531453777292,0.0310757895392043,0.0339419524445719,0.00752034344452457,0.0507483811301,0.0192560222793403,0.0209312310822175,0.0267935991233245,0.0353507826304289,0.000549395159353265,0.0455754815292178,0.0316902019576611,0.00993790316796564,0,0.071934942340143,0.0537607375371257
"sample_75",0.0437219738819648,0.0263384844738806,0.0501319559648055,0.0744132480076711,0.132278274562437,0.0135277054797117,0.0127273252842639,0.0305798650553182,0.0197338540071726,0.0223801955474705,0,0.0136882602720138,0.0977336064099294,0.0286592108401051,0.0280392558707369,0.0171464735406558,0.0203662287063846,0.0354220707495299,0.0223455251997478,0.0593746175346295,0.0324684724575258,0.00656434249193139,0.0575268680696613,0.0301745679492683,0.0201860407162736,0.00827918565423141,0.0760858669083653,0.0201065243643136
"sample_76",0.041045111939465,0.0378844879987347,0.0341465084998281,0.043233074352493,0.0337650769991063,0.0198209431695953,0.0365817429723412,0.0480760268039188,0.0334703520230698,0,0,0.00646384662890686,0.042157409387792,0.0232833580832701,0.0305329182765161,0.0227393587801419,0.0412406969214756,0.0274043430345306,0.015569201935575,0.00508213317665143,0.024315568353852,0,0.0843029706645427,0.0301931943416435,0.0225667476404824,0.147529952667841,0.119952076993023,0.0286428983552039
"sample_77",0.031333428401181,0.036192931067959,0.0470243958963037,0.0534928276927214,0.0330608103066209,0.0225828607730869,0.0387783417145846,0.0426761547363044,0.0314792823654218,0.0156722638970135,0,0.00812539881812854,0.0607371135504795,0.0245971338357861,0.0176328113168812,0.029407076000631,0.0358329339882656,0.0266483406241443,0.0194793582926434,0.160244975520243,0.0290411481346696,0.0171019650140062,0.032514968374779,0.0212096376466095,0.0203113974932945,0.00131885148203283,0.115685605120741,0.0278179879354679
"sample_78",0.0110943736710658,0.0154927101909089,0.0252148835762366,0.0247302390602638,0.0263884579518951,0.0113651786303543,0.0244165497895616,0.0172232367110024,0.0134483952850591,0.0261271545252684,0,0.014376187450552,0.0409689418883708,0.0134332539444559,0.0616297327488885,0.160273401586649,0.0235272828152168,0.0297212881934434,0.021974590859047,0.192498095916367,0.0205167263830563,0.0165927101166839,0.0133714284818656,0.010736692572911,0.0139968950190086,0.0126544357229965,0.137655919176809,0.0205712377320631
"sample_79",0.0823493195713444,0.0641344795616105,0.0532677441977639,0.0837557558057316,0.0636365304620011,0.0264019169356618,0.0628361944798678,0.0494587824842219,0.0336403418977452,0,0,0.00602210431308568,0.0723803791949477,0.0513946653827589,0.0474507239773812,0,0.0415291331411163,0.0411029304842332,0.0340086277315524,0,0.0358926099423279,0.0175304461046376,0.011677071203291,0.0279798474228631,0.0159335118476346,0,0.0381125731163818,0.0395043107418405
"sample_80",0.0687137571366604,0.0451896006160598,0.0585155252437204,0.0575440926714023,0.043169315732886,0.0367924295982664,0.0673792014109273,0.0643210229255896,0.0469632590641343,0,0,0,0.0806929230489142,0.0270280697512247,0.0271512128233458,0,0.0599762417181062,0.0194038261849161,0.0305897773112887,0,0.0395827769708954,0.00816966302136242,0.0307793137883816,0.0384623817739539,0.0143036189190587,0.0106367590329605,0.0689627433119049,0.0556724879440406
"sample_81",0.0478859308994373,0.0392352236455734,0.0454514571716381,0.0472452351332374,0.0330732885012144,0.0275105243118654,0.0576788499019106,0.0522196628643204,0.0340793683204631,0,0,0,0.0723937265195753,0.0318963256627306,0.0122040419697442,0.0567464670005949,0.0339058260930908,0.0303079185295498,0.016290924183997,0.0751266967258696,0.0364221603860664,0.0364160919730404,0.0317045208321197,0.0338303154929088,0.0181668203269776,0.00030575656005062,0.0931627674957376,0.0367400994982865
"sample_82",0.0458727833161718,0.0392744863458573,0.0363195563864446,0.0644462157254407,0.0878457833241198,0.0135569951227338,0.0345605615282303,0.0490725732346255,0.0281165982458543,0,0.0140402048831007,0.00472751507628264,0.0713341586292271,0.0236193286002101,0.0276522107045301,0.00953068611308198,0.0355787095730568,0.0307391611693631,0.0357299030063142,0,0.0134978548390683,0.0247347463089052,0.0728534697536736,0.0433758491331328,0.0104958989241951,0.0650731529132799,0.0975977110940465,0.0203538860490541
"sample_83",0.0238868441980959,0.0243727364025227,0.0358802619439559,0.0506964996864456,0.0392162009805613,0.0187892654821769,0.0387140196905966,0.0362597667443838,0.0239745666470984,0.0263354983330703,0,0.00992126318231094,0.0562624126707171,0.022154857038971,0.0141658743782241,0.0456980972970357,0.0331891816972059,0.026361397805903,0.0137634906850594,0.149964595358446,0.0278901070060989,0.0387950027597123,0.0362097016695808,0.0230757643843128,0.022361062861418,0.00923965019902841,0.119191877226076,0.0336300036709924
"sample_84",0.0275519989028052,0.0249243325289014,0.0395177829949444,0.0990249829438233,0.0676923452473404,0.0149100308070354,0.0265401050052624,0.0409474265762796,0.0251429950306863,0.0212142391958227,0.00234732427400101,0.0178486319355407,0.0675673694416201,0.0182623057040626,0.0174341610607998,0.0325393779413469,0.0367241243415022,0.0230727352393919,0.0158399703103592,0.122802120058126,0.0289504096886308,0.0160536181866452,0.0383643764974723,0.0274127230139427,0.0180037861954932,0.00618577728661031,0.0928633529518633,0.0302615966396906
"sample_85",0.0671422111257964,0.0428801792596693,0.0535605859589934,0.0617946741133029,0.0454295583037023,0.0303004895664461,0.0620198214161886,0.0622016613109908,0.0358116803021708,0,0,0,0.0720067419130014,0.0338645708929975,0.0290504597019444,0.0251796787826245,0.0426972511072325,0.0287589673155969,0.0259343654895672,0.00826874991439878,0.0372667541062023,0.0117682836719591,0.0453409062151291,0.0380077177613452,0.021494772148777,0,0.0709593082017444,0.048260611420219
"sample_86",0.0841122531515985,0.0575274176101202,0.0738587233356439,0.0697929094449539,0.0289276648151944,0.0332357765814815,0.0746031364975685,0.0575296481799062,0.0478479162342256,0,0,0,0.0610561955017907,0.0493731845520556,0.0386446512185147,0,0.0485572493903638,0.0269424253594887,0.0331650038532012,0,0.0386794765398063,0.01426916399869,0.0236752570058715,0.027200991646115,0.0150827766595806,0,0.0434666640559241,0.0524515143679051
"sample_87",0.0888454700826164,0.05932037985842,0.058489232791574,0.0682177728725639,0.0301135367458546,0.0350582089997625,0.0639172941433437,0.0564705770028981,0.0406914003130169,0,0,0,0.078342219233127,0.0505401356663259,0.0501322640075588,0,0.0405629827655037,0.0275714796614547,0.041703215702741,0,0.0420836094943659,0.0186289746272383,0.0200656126738414,0.0344245767789529,0.0119062857628829,0,0.0380529816819149,0.0448617891340426
"sample_88",0.0902993083410384,0.0619743773868287,0.0709758718186207,0.0718469325558456,0.0251869425507274,0.0375041410857242,0.0584188007895672,0.0508210502671847,0.0457431861296503,0,0.00501613025985049,0.00268808338281086,0.0503935664099059,0.0449234314990046,0.0594688699809935,0,0.0465929976578346,0.0383181794593329,0.028964354802004,0,0.0423884091835678,0.0110719285192607,0.0204262494153287,0.0305661533712374,0.00943074114154709,0,0.0511659825673382,0.0458143114247961
"sample_89",0.0863623299497234,0.0597295618066695,0.0687994234526981,0.0685500100044902,0.0271402301594259,0.0301137607167803,0.073942285234502,0.0507940341810167,0.0455234953020568,0,0,0,0.0820428428708147,0.0435728895682538,0.045187882858834,0,0.0543310776364785,0.0203235880354485,0.0248650352780615,0.000559127961374146,0.036075133098935,0.0146540720512104,0.0183853850047836,0.0344943083303857,0.00762042738605296,0,0.0502900384951822,0.056643060616822
"sample_90",0.0903860555663423,0.0751599662689042,0.0360798409119859,0.0868335668378606,0,0.0364561204288292,0.0425472637734674,0.0362657590634228,0.0406071374815142,0,0.0238539434209785,0.000194338043059277,0.0422703720584994,0.0737459177184746,0.0654071236342138,0,0.0354234025967755,0.0583575896052675,0.0353620952112586,0,0.0303369826799061,0.0137425937827698,0.0479179562734409,0.0250800984668763,0.0188201949661557,0.0241493757215261,0.0378206847168785,0.0231816207715928
"sample_91",0.0363591744904898,0.0356271588082017,0.0320080343626096,0.0367382377700382,0.0296487593354688,0.0206429134331306,0.032903674044627,0.0282470490145605,0.0207815727336432,0.0140707098782017,0,0.00623771179490099,0.0594095418930821,0.0356513760190056,0.0347179249161536,0.0144923539322015,0.0231264494246656,0.0438910670264245,0.0225073200592617,0.112607293372878,0.0242531728604463,0.0502573135854313,0.0416035084150902,0.0188106705696274,0.0258385692198761,0.00208340868575628,0.17320980442401,0.0242752299302177
"sample_92",0.015818018299172,0.0183731947506173,0.0320039374657505,0.0336155717498244,0.0225705902964835,0.0170257361704234,0.0357193461827435,0.0264473285316739,0.0183400544148527,0.0140964614088116,0,0.00402238088448019,0.0435311074920205,0.0201145327600828,0.0202375351538272,0.0519095346219475,0.0189115845026117,0.0234948692746962,0.0156696818310432,0.160423938449112,0.0246833804093578,0.0480138695328786,0.0441137541678635,0.0172880813749033,0.0133428239005553,0.0253884656109507,0.207195347663054,0.0276488731002618
"sample_93",0.0188278828514524,0.0161145650285941,0.0367893133057754,0.0839517502121192,0.0485742479286955,0.0142283977084075,0.0300544665352942,0.0265772517753716,0.0167851657296319,0.028115943852083,0,0.0154856680269978,0.0574775228207482,0.0161440042303658,0.0125691443314272,0.0413826594861141,0.031276953480998,0.024308936636211,0.0156308235982786,0.166773039860158,0.0253596749651463,0.0265978924986657,0.02869001597855,0.0155739025161865,0.0145763205265786,0.00243883753361154,0.160212157387836,0.0254834611947019
"sample_94",0.0937787944617503,0.0815460463172467,0.0596699495091057,0.0852196053210907,0,0.0388780297321827,0.0427967230470164,0.0461012580217204,0.0483556777419054,0,0.00309680722758637,0.00731588420872291,0.0644676601168762,0.0644430025239478,0.0672922107698016,0,0.0304784504017953,0.0422253414959568,0.0364068800149052,0,0.0381382293044298,0.0149519822725088,0.0207258628144536,0.0260747837619177,0.0194462297325134,0,0.0273702888449024,0.0412203023576639
"sample_95",0.0242002303561457,0.0216547001414135,0.0312051936242843,0.108644643602867,0.0555474673637017,0.0123829422880481,0.0342227131430476,0.0221904561212226,0.0171127208906321,0.0163912121062965,0.000799320999380809,0.0126688441566483,0.0621165192045368,0.0274868330706318,0.0290934984685931,0.0291425566453568,0.0196078898302335,0.0337713532531096,0.0154676196686051,0.171472126597327,0.0207281410144177,0.0231222934220325,0.0271616981445252,0.0151799629515406,0.0185872309962108,0.0126696092010024,0.117134750873874,0.0202374718643149
"sample_96",0.0210008040525493,0.0322039539507468,0.0297000104532274,0.0344023762308661,0.0211667186060195,0.0178426598317484,0.0349372424689211,0.0256737009273163,0.0218025325133294,0.0176281107961137,0,0.00807597122424999,0.0654279017349957,0.0309246015448587,0.0276838694774764,0.039509165012259,0.020096961641672,0.0288721289050752,0.0120037230367805,0.150201865096449,0.0244052318439848,0.034700034001432,0.0391799653952484,0.0142916197975085,0.020439894576626,0.00220971079272132,0.205558737435707,0.0200605086521181
"sample_97",0.0347953563905383,0.0345768632013547,0.0360551028864146,0.0488820050827108,0.0403011293173013,0.0192498849602497,0.0310205070691058,0.0377049219235176,0.0267751433485774,0.00244035278068109,0,0.0223201268009238,0.0476816819419427,0.0281198886871184,0.0265310238119213,0.0388701126922817,0.0279017969629822,0.0331214703657633,0.0202442482976749,0.103282466859169,0.0310901033054099,0.0263676731638702,0.0413107516523093,0.0217734629204195,0.0244604040660429,0.0388414219872287,0.128570230028545,0.0277118694959463
"sample_98",0.0224201875451047,0.0235273886587293,0.0344352899331662,0.048428537238493,0.0294329075002846,0.0167282594502617,0.0400539899414034,0.0320377752044458,0.0233963492724422,0.0215918972462819,0,0.00855975493237785,0.0560018024232717,0.0237171258842618,0.0178450962406496,0.029650381062332,0.0270268027195915,0.0281028359425851,0.0154036343344206,0.223236819307557,0.0233330463209245,0.0152553620303317,0.0493258713149876,0.0165842496342785,0.0182511792767063,0,0.129752114573351,0.0259013420117603
"sample_99",0.0861799158037506,0.0736491720793545,0.063730256009298,0.0758591628825561,0.00322874505489679,0.036485335255916,0.0629046830997517,0.0568910375918465,0.0457130215074674,0,0.00467941699444948,0,0.0636564239658437,0.057360890053983,0.0579134848447903,0,0.0362676054562513,0.0383614884950291,0.0349665010044382,0,0.0344800337916085,0.0240503062203467,0.0198226634457157,0.0257281322984694,0.022600812297275,0,0.0317659189692281,0.0437049928777338
"sample_100",0.0855694050608177,0.0693122738419139,0.0644496336929515,0.0776525051522962,0.0249016292780094,0.0302510026520363,0.0754512893029263,0.0554696936055519,0.0462718076383413,0,0,0,0.0624930774355823,0.0507360876225224,0.0438838340231494,0,0.0409146988352374,0.0308079574912471,0.0320673852619098,0,0.0378407281958885,0.0180109061029452,0.0195264059636144,0.0310851963438745,0.0180146403028217,0,0.0395225169199113,0.0457673252764514
"sample_101",0.0783023967103072,0.0658080742616247,0.0702131457889632,0.0739652308969555,0.0174801813142394,0.0301378537499012,0.0679230733236777,0.0610142185394486,0.0443146067182404,0,0.0113015295385931,0,0.0687734957182241,0.0360392714989838,0.0357441297165498,0,0.052210541821176,0.0284618891072137,0.0214522471602922,0.00311302693508199,0.0369922332187734,0.00437874432143702,0.0306981652397713,0.0400650210328879,0.0148158304058271,0,0.0569170796744604,0.0498780133073702
"sample_102",0.0639183768434836,0.0494650915112256,0.0638962638573473,0.0574280824928107,0.0422424345851556,0.029544451393274,0.0504387997924312,0.0520426244024396,0.0423112945846631,0,0,0.00552392839721923,0.0704846348165535,0.0324454458880575,0.0281809858941817,0.0143646894566045,0.049180244396913,0.0268401831805274,0.0201313869214782,0,0.0331829970597765,0.0218418180544223,0.0504687274968738,0.0352995115259527,0.0246735470487705,0.0141921805090817,0.0738346045700055,0.0480676953207512
"sample_103",0.0623254173946011,0.0555908880501354,0.0691860412427644,0.0970208608458851,0.043289417508079,0.0265682916256656,0.0566576236310858,0.0448654157172805,0.0406436847102447,0,0.0445380920321467,0.00558491131482175,0.0575930175786317,0.0307907733103912,0.0330374476219644,0,0.0393186455404397,0.029287495220454,0.025251274183312,0.021589643453003,0.030518992164642,0.0266941240539751,0.0246561514637051,0.0318850118713459,0.0148986399563773,0,0.0532923527763638,0.0349157867326849
"sample_104",0.0344357312292191,0.0482677891436789,0.0540706831723882,0.061849361707131,0.0640079944789356,0.0235129724096011,0.0437541634467085,0.0403005521674145,0.0189376336866499,0.0152744647245415,0.033798601918092,0.0110637349961219,0.0770783403511211,0.0176337023663099,0.00956490711446866,0.0466647605749402,0.0157419963805272,0.0286500582996981,0.0181848557971893,0.0551654221351857,0.030731591120115,0.0321448103278542,0.0510197852173598,0.0276007869871306,0.0266941272573594,0.00438138347683637,0.0821004054152265,0.0273693840981958
"sample_105",0.0783035567400014,0.0515817771904576,0.0638931253449401,0.0598578996810538,0.0396145828207031,0.0381257422252557,0.0779115657237009,0.0587859808894931,0.0476245408544371,0,0,0,0.0817171164856631,0.0332818693160978,0.0360806162949521,0,0.0561748232871248,0.0209210712503949,0.0320555055036502,0,0.039696607695862,0.0101972171575492,0.0247901067956357,0.0343404017258013,0.00674296116789702,0,0.04747725702589,0.0608256748234392
"sample_106",0.0927491545542584,0.0715170904090887,0.0646214558264855,0.0784149906769147,0.00787176043202335,0.0291879057357496,0.0665110494510348,0.0490130206977703,0.0403394316845588,0,0.000364517846330595,0.00280031789255484,0.0692957806713171,0.0588572120943371,0.0567926174575899,0,0.0370243748346079,0.0340206135059487,0.0396848712258959,0,0.0393610294110108,0.0209780118735349,0.0150768678331011,0.0273316153560103,0.0162621563655368,0,0.0347281387095026,0.0471960154548373
"sample_107",0.0664608115797826,0.0502931938580861,0.0595990957097019,0.0961859015229259,0.0626173653808368,0.0314244480000574,0.0549024562181203,0.0511282053400238,0.0387390618103894,0,0,0,0.104990007967374,0.028829402211504,0.0292708702401831,0,0.0460614076348625,0.0228130037105535,0.0371921993963921,0,0.0334288565911747,0.0169070635597935,0.0186291247906701,0.035763516077995,0.0156189386551869,0,0.0465370336944043,0.0526080360499825
"sample_108",0.0254898969907504,0.0198128251496181,0.0366880964941566,0.229978321080121,0.127786644600966,0.0126140794265033,0.0656521696003644,0.0301082229360975,0.0217137541737332,0.0238349180792143,0.0420810677164404,0.0170877671853506,0.0895222840565106,0.0174367172636506,0.0190436204048835,0.0178628041345425,0.0244075493633999,0.0212121210518697,0.0138091213771156,0.0202457984060212,0.0192371710773863,0.00147327541868289,0.027528222401137,0.0130177383132205,0.0138750921703199,0.00278660498074956,0.0286578800894865,0.0170362360577079
"sample_109",0.0664022946946966,0.0431450821606165,0.0767044176877241,0.0570478727707713,0.0364100843058679,0.0324055505614356,0.0866414999258821,0.0576823820718428,0.0410195207601821,0.00462581975162768,0,0,0.090380961610245,0.0292918951747885,0.0423896368242494,0,0.0610844392393003,0.0204738121494906,0.0165355775329383,0,0.0363390174843555,0.0131200516851094,0.0221837078752066,0.0329019545531187,0.01440535124581,0,0.0568824734824362,0.0619265964523048
"sample_110",0.0797733385434876,0.0541923360194005,0.0659950072932263,0.0679406496059327,0.0229516848985692,0.0297274454735207,0.0841695155115096,0.0570398633161431,0.047130678812204,0,0,0,0.0659945738929077,0.0457048032727001,0.0486040624954225,0,0.0550381212556635,0.0294211469788933,0.0228439351618509,0,0.0374942321906746,0.021462615081973,0.0177263088320033,0.0316641669001672,0.0157447628347772,0,0.0487292589983209,0.0506514926306522
"sample_111",0.0350450405602659,0.0413896109013679,0.0369628317777866,0.0532497598218973,0.0304216139411819,0.0173800631359118,0.037573074034641,0.0394474876795714,0.0275808019108211,0.0266112421992063,0,0.0157921130196196,0.0530390189410061,0.0276997856916404,0.0153169297725833,0.039328684989502,0.0295114777241989,0.0334726950683235,0.017270584771533,0.0791267212720711,0.0271836713072078,0.0583210054544398,0.0508289777828306,0.0174252292459551,0.0233335890863207,0.013630952816623,0.121595105635609,0.0314619314578846
"sample_112",0.0571971106538046,0.0457591829936655,0.0608804566279638,0.0640693828587334,0.0487846599115775,0.0293886094168879,0.0586129083495466,0.0654949222753004,0.0450030500905313,0,0,0.00231116161507063,0.0790513067649107,0.0283063460188451,0.0223001064321676,0.0164008875022269,0.0460819312001575,0.026043887116412,0.0191529033566439,0.0162498906820018,0.0309547979057211,0.0130056514626973,0.0506459333183362,0.0364474367389649,0.0124180368969164,0.0026631036823893,0.0721550861122274,0.0506212500163003
"sample_113",0.107796190322617,0.0891549299063927,0.0303121083512334,0.0880914958575744,0,0.0337330561593537,0.0490252686353321,0.042397347709389,0.0354750547692881,0,0,0,0.0497623931390886,0.0787247716153866,0.0885119153012284,0,0.0248053576865593,0.0684715823242572,0.0492535526107931,0,0.0292963655724203,0.0351820236301856,0.0147585653759398,0.0245979403725404,0.0229633307992058,0,0.0262606245027155,0.0114261253584987
"sample_114",0.0892763461005474,0.0681777239719096,0.0510013856086121,0.0807943467344627,0.00664568934605068,0.0312975038000728,0.0870439282080063,0.0483761874652058,0.0502421872733243,0,0,0,0.0647171401165094,0.0658901457995999,0.0493300409075053,0,0.0376369411183285,0.0421833721981383,0.0380158255756627,0,0.0320415965238904,0.0365044558285211,0.0113109367552393,0.0247282934439461,0.0140487419398289,0,0.0302238710194028,0.0405133402652357
"sample_115",0.0881516628687275,0.0707434077506801,0.0608856678867246,0.0762776607409848,0.0158733523188879,0.0317034949355186,0.0659049165053256,0.0535302055357121,0.0488923314087169,0,0.0036919887624432,0,0.0618710463725681,0.0589248139641014,0.0464862566091962,0,0.0399107734001558,0.034944672723645,0.0362090018601039,0,0.0376534777814751,0.0278948978401443,0.0145356565413198,0.0279325277203458,0.0166668970993448,0,0.0351325587787237,0.0461827305951549
"sample_116",0.0879392008189551,0.0782185178475097,0.0608321055068347,0.0848605324021539,0,0.0358553854630166,0.0699387561156638,0.0463066344636978,0.0470558983963113,0,0,0,0.0689934572184182,0.055176676218329,0.0623437207160159,0,0.0356131441495743,0.0393225939654339,0.0307378651536168,0,0.0351103835128564,0.0266141606070288,0.0131446356799244,0.0252098079383424,0.0195372482200901,0,0.0389228857179892,0.0382663898882376
"sample_117",0.0213581589840733,0.0238836933487895,0.033140642597742,0.0359239054027924,0.0210473035715117,0.0208838774607657,0.0325517990426879,0.0268461927859828,0.0197648505053989,0.0170237087246043,0,0.00314036656082285,0.0591208374578124,0.0313130941588876,0.0235980439472834,0.022033459299915,0.0298875065153967,0.038261853492262,0.0224761991746768,0.20691012939501,0.0247416827325956,0.015914884585189,0.0375591598588002,0.0191480092483283,0.0217157374284294,0,0.166650511534191,0.0251043921860514
"sample_118",0.0580547697344368,0.0476718771712493,0.0509606718536714,0.142268479080104,0.0503313331421534,0.026352681685419,0.0555682743620182,0.0563869848804275,0.0285217897682045,0,0.0262107483895967,0.000529470659658285,0.060757366068538,0.028113301078234,0.0385877600934329,0.00879844956263175,0.0364217827000762,0.027748836320201,0.0118569223341475,0.0261155708332965,0.0359673475845116,0,0.0489136964132777,0.0338875933894127,0.0153580385452271,0,0.0488965043425122,0.035719750007562
"sample_119",0.0377400095652033,0.0340402445032555,0.0437006830842137,0.096419177793768,0.0898339246543274,0.0169447458963828,0.0340563092681462,0.0406384071474523,0.0232297108199683,0.0217591311939357,0.0145773441338987,0.00469620883894046,0.0692297223612382,0.0204867305966375,0.0198743042491515,0.0204326788411508,0.03151150095759,0.0306683586875157,0.0188934941267953,0.0888004673182493,0.0266554621141004,0.0218928659480108,0.038890985332894,0.0265420976825049,0.0157011368916707,0,0.0866663963973979,0.0261179015956009
"sample_120",0.0794708077856497,0.060939244731101,0.0603760875767168,0.0718024111988901,0.027008259883494,0.0338174061346551,0.072282628070422,0.05354308207267,0.0500429478641844,0,0,0,0.0734385440181626,0.0402491875208524,0.0351958630366049,0,0.0498215768421492,0.0255509256851433,0.0380037841750421,0,0.0367573487934809,0.0229294437146996,0.0169671667896883,0.0317806643310526,0.014145062222807,0,0.0493154695787253,0.0565620879738086
"sample_121",0.0496100976205913,0.0397012221504827,0.0508867052103748,0.0459970129057622,0.0411136417108315,0.0276947870728519,0.0535127916028571,0.0494881002044924,0.030148569929648,0.0109243777958887,0,0,0.0860814270634777,0.0287251695914478,0.0309166843177548,0.0271741170201564,0.0380290712148403,0.0323755019224387,0.0131122239273562,0.0628942486500061,0.034913197445987,0.0167619650120966,0.0499939751305752,0.0298556151160405,0.0203027396497628,0.00464711882563755,0.0885613640495887,0.0365782748590532
"sample_122",0.0609842464663545,0.0492912936279892,0.0617581064595285,0.0532681802949605,0.031511525230688,0.0319650686021418,0.0642236952797334,0.0578322488497722,0.0364297663480622,0,0,0,0.079036999598568,0.0299643927318576,0.0314552069325746,0.00850832878731977,0.046707196715997,0.0280173685054856,0.0216026455398855,0.0244674489313692,0.0416211178263545,0,0.041532318225639,0.0409535597258907,0.0183483765767439,0,0.0906632589365575,0.0498576498065269
"sample_123",0.105198305633228,0.0826769086812453,0.0234265750330509,0.094450671230674,0,0.0249484846561337,0.0335384369176802,0.0327717358707806,0.0477070296646461,0,0,0.0144650329131379,0.0369122361153901,0.0900646193136529,0.0941198913739598,0,0.0156781785664897,0.0676832654408394,0.0568692610532579,0,0.0420133923955105,0.0279001539298349,0.0214450247556441,0.0172632092671821,0.0394260604978153,0,0.0136176985455879,0.0178238281442591
"sample_124",0.0715777433222774,0.0562311732323022,0.029405772826998,0.0618781238956283,0.01881260904407,0.0335718398578758,0.0351510943195362,0.0421752551942513,0.0347851867486,0,0.0274840720501889,0.00966409405819395,0.0414552417110506,0.038515247134645,0.0533606399320633,0,0.0232784278498878,0.0603862261247868,0.0253656698802588,0.0336828933604025,0.0416521337712637,0.0120053890557184,0.104545064606045,0.0386426755827938,0.041827444486246,0,0.0447127904239287,0.0198331915309873
"sample_125",0.0520020467868846,0.0413895863317574,0.0526737492139556,0.0865253839580449,0.0512123417205678,0.0283623471403058,0.0586144933898826,0.0428250049054592,0.0283117397664597,0.0023782319215717,0,0.00507181825160489,0.0712476346725537,0.0303364031227595,0.0336229950725646,0.036402578083423,0.0337273704080899,0.0288721850523117,0.0184688562377783,0.0144593879105889,0.0311472788525033,0.0177018487745391,0.0568917498226249,0.0219063346607514,0.0191522967422867,0.0094456028157258,0.0923414304892923,0.0349093038957129
"sample_126",0.0750826796059942,0.0557085164735662,0.0534151030527546,0.0739798190939096,0.0633752610500673,0.0281364733518198,0.0517494260033699,0.0517410789044777,0.0399904987038823,0,0.00328585195899127,0.00624369010043888,0.0863878158676267,0.0341776781038355,0.036973006180748,0,0.0436687561255794,0.0259610216197589,0.0351987628077238,0.00106922926601317,0.0360056162060682,0.00952941133719941,0.0196205935954306,0.0378428829726775,0.0196729679165861,0.00946776162046045,0.0577980506775716,0.043918047403449
"sample_127",0.0692537360451239,0.0571030027905795,0.0584088953489104,0.0656638641974399,0.0235074425055872,0.0292492512657603,0.0588785904523961,0.0543583437555858,0.041999836318857,0,0,0.00524858259649891,0.0659806767035178,0.0426213066981659,0.0395619614127822,0.00193201205463089,0.0550331826045672,0.0251489344205331,0.0255224148215337,0.00625698254111827,0.0338524243519311,0.0128879334031808,0.0446678064298598,0.0319254742299027,0.0138441821924815,0.0204744261489722,0.0730556065180338,0.0435631301920504
"sample_128",0.03671548957526,0.0318059050138133,0.036257716797082,0.113141113495538,0.0754561696411973,0.0190434417655226,0.033138136337899,0.0408276443257292,0.0221445653195237,0,0.0101977113116481,0.0265274402437742,0.0821730943857528,0.0282176882701676,0.0254001757683943,0.0735270647305755,0.0252228344807131,0.0233713408576836,0.00996394916631135,0.0541138472882873,0.0368566919667966,0.0158793687520772,0.0208188809112265,0.0262460963341475,0.0137599738867377,0.0102074790871677,0.0756836345406318,0.0333025457463422
"sample_129",0.021919848634897,0.0263894080687481,0.0326338753015016,0.0406546605460503,0.0284305502859278,0.0167169062496494,0.0348039608223214,0.0322529389574152,0.0230913118458377,0.0150351382638878,0,0.019460074032262,0.0449935510183657,0.0342811581120389,0.0209907044169067,0.0641052046858695,0.0263632781382283,0.0250291757688155,0.018090493328581,0.186274276791074,0.0245862783036548,0.0385806984759534,0,0.0211293009444233,0.0204899890145216,0.00818806622111697,0.149155082132477,0.0263540696394749
"sample_130",0.0216408397434688,0.0281856321547962,0.0280533245959464,0.029068784828378,0.0266265162578934,0.0183685620743033,0.0364458109057753,0.0268349414300056,0.0171236832008308,0.0247747878808143,0,0.0131255752657912,0.047750065502548,0.0205654338749167,0.0191589292415201,0.0452099181177422,0.0197454007414692,0.0355563417141343,0.0154271146321184,0.190398984009582,0.0178858343850278,0.0567990925029513,0.0477581015732494,0.0185536101420104,0.0233462212655365,0.00476768560593562,0.147154259517262,0.0196745488359932
"sample_131",0.0247409401285107,0.0276553016688488,0.0313688721606719,0.0978782346603849,0.0493449980388707,0.015760136211917,0.0378052030114973,0.0232118432762268,0.0165946455713861,0.0289919227456387,0.00424598961434676,0.0093455184859462,0.0589380706445947,0.0261285613373627,0.0218582741927474,0.0423819495937776,0.0178775039128251,0.0387491449873379,0.0175428196594414,0.133287880692883,0.022508588732131,0.0345213593095956,0.0474839661077056,0.0149098337735487,0.0210627163606629,0.00705065943441476,0.105619890140255,0.0231351755464706
"sample_132",0.0484524527663651,0.0360977149697176,0.0455181634504333,0.0470508417307955,0.0623427049132064,0.0235817458306164,0.0377255907334194,0.0462757779161089,0.0289327791659262,0,0,0.0148372377528324,0.0837730395387604,0.035336334782932,0.0289666341744425,0.0293394961119503,0.0247350173966943,0.0356995554638694,0.0203506871317147,0.0590284181983954,0.0279202677929765,0.0179923310581983,0.0423303604073114,0.0336353209453546,0.0243174308642114,0.00572755851167106,0.104949944585167,0.0350825938069295
"sample_133",0.0692210600479218,0.0491370614589156,0.046821079268604,0.0611230962548171,0.0366876209035743,0.0378339568157417,0.05762864282233,0.0631455980660673,0.036383136228142,0,0,3.70802536901078e-05,0.0716696681734933,0.0355415847446005,0.0328846272421919,0.00641015487063339,0.0482807923399031,0.0284164864199864,0.0186009314674876,0.0131392285689988,0.0344257134292864,0.0157716622312504,0.0404217801729463,0.0338870589033369,0.0248414064366498,0.00435014167668034,0.0877161267951733,0.0456243044075778
"sample_134",0.0932764241330156,0.0686733434135437,0.0371503370930628,0.0928475557963012,0.0024806285594823,0.0256974164108216,0.0775604394781055,0.0506372882404174,0.0453357923943841,0,0,0,0.0577325713155533,0.0607217812731037,0.0583715587126232,0,0.0420948618637661,0.054313700341931,0.0528930034247002,0,0.0454510137345614,0.0235617167891756,0.021687492563514,0.0137711010067723,0.00770003014022935,0,0.0328488433945019,0.0351930999204336
"sample_135",0.0890034074172858,0.0731333218698585,0.0604634633873519,0.0812735977158746,0,0.038692293692046,0.0797258685211569,0.0475403346943739,0.0407580003577733,0,0,0,0.0594201359666928,0.0642999940441016,0.0518665961819767,0,0.0315681307060354,0.0483916175266854,0.0365966134197527,0,0.0281270194383087,0.0395662196244325,0.0120899081466064,0.0254240907879325,0.01798416652125,0,0.0425978289410355,0.031477391039469
"sample_136",0.0615750400608206,0.0514839029024846,0.0696198009014364,0.0788922811361401,0.0394282024982531,0.0282842504990309,0.0720979657885563,0.0630306830457377,0.0345203925030726,0,0,0,0.0641028731500555,0.0354224639023111,0.0306663036292546,0.00500613836865584,0.0445861496218425,0.0250437635396608,0.020671391808297,0.0340264713711864,0.0387362025653336,0.00629344990075836,0.0542473128997037,0.0252470089787558,0.0131070778189598,0,0.0592516696212388,0.0446592034884542
"sample_137",0.0985338871239992,0.0812996082362682,0.0583486679623564,0.0929480091845473,0,0.0336880045550186,0.0437779382751699,0.0425293076708892,0.04681089549218,0,0.00374414951530766,0.00489479914211993,0.0357812531391899,0.0679885393996233,0.0752087895210365,0,0.033718785390601,0.0601857416157198,0.0403699716391912,0,0.0355347629331654,0.0172084092161318,0.0226597761137421,0.0197214184952937,0.0250424184898404,0,0.0278951413715075,0.0321097255171011
"sample_138",0.0604873021999164,0.0514910561610373,0.0501296774111478,0.069652530346686,0.0235919444821457,0.0326158601867835,0.0686906613101123,0.0597409436654927,0.0276449448838989,0,0.0119849058769987,0.000953470550637387,0.0626382749672909,0.037539863627368,0.0376652132630423,0.0100328153517959,0.0394692485758768,0.0343891494973442,0.0132951582618375,0.0267596221499841,0.0383492411402899,0.0262061410363703,0.0457445645192957,0.0284228244091659,0.0240515336313566,0.00364239455019767,0.0745485927431173,0.0402620652008103
"sample_139",0.0700239168268875,0.0518828019274027,0.0677799659594488,0.0675384868079779,0.0251045170643076,0.031061647308335,0.0703443321899737,0.0583798925910766,0.0476213756753995,0,0,0,0.080072505296958,0.0404798890534516,0.0288798914677033,0.00319441193326493,0.0420285883170528,0.0366738943910945,0.027497229531178,0.00465322868922218,0.041672812781808,0.00984625592006657,0.0356313388675157,0.031870833965212,0.0202523340879243,0,0.0623605015239995,0.0451493478227392
"sample_140",0.0651331230902328,0.057203101229186,0.0414079412284685,0.0587847840634141,0,0.0358791578036728,0.0497255139316066,0.0511739172267394,0.0380069652405496,0,0.00893519778818322,0,0.0786760658881545,0.0523611310428003,0.04967532830733,0.0114421047486305,0.0204608941227009,0.042614532227142,0.00641788707976724,0.0336767187379077,0.0247985666579316,0.040138079102614,0.0494721960373756,0.0239174816025213,0.0288818103648841,0,0.0960852687366268,0.0351322337415604
"sample_141",0.0127598880530057,0.0195043536207354,0.0263165399496826,0.0147168930365071,0.0108392507061887,0.0167279170752713,0.0298352425791907,0.0190808067698732,0.0163183437190347,0.0274095236906686,0,0.00921667784429584,0.043736056695611,0.0249633402041673,0.00936102928188568,0.0688403011227651,0.00737359606920845,0.0362111130053183,0.0215978331879332,0.202496055226643,0.0225878506597464,0.0529782320851928,0.0894277693796918,0.0157967866345585,0.022511420674873,0.010990655090204,0.150545480062437,0.0178570435753109
"sample_142",0.0281013188666503,0.0320332406973806,0.0300661415535967,0.0861947249648341,0.0446771753739565,0.0137046756370604,0.0332059312742177,0.0239457115018227,0.017228802603151,0.0396177548793744,0.00845537174394316,0.0119304521873937,0.0597056343125996,0.0205105385023324,0.0157579156770249,0.0308934014519612,0.0210750747159138,0.0357047959651915,0.0153017791289815,0.177068816537705,0.0250177526018508,0.0210801296164438,0.0294680012589926,0.0176069150993151,0.0171782474094687,0.00198451621406753,0.117260804930519,0.0252243752942511
"sample_143",0.0903894343875159,0.0572652422018114,0.0710453880252558,0.0716278401718204,0.0171116483067836,0.0350701634216759,0.0701978530709423,0.057088670403599,0.0492057192250141,0,0,0,0.0733698009273423,0.0470212244253385,0.0466128845618729,0,0.055110952866349,0.0266559755034152,0.0299713616900589,0,0.0366057630067609,0.0190705411597561,0.0172353015725443,0.0242270905459899,0.0120995473452004,0,0.0423523921083702,0.0506652050725831
"sample_144",0.0422375928728639,0.0336206605141297,0.0507285538891595,0.0792467316576971,0.0864498369706028,0.0184150763354035,0.0550203695320124,0.0531966114236798,0.0271314608637923,0.00783437675595982,0.0151204468209298,0,0.0752111732941051,0.0288778793680939,0.0245208653292113,0.0679934908417784,0.0323189588821788,0.0273542808976465,0.0159326498210729,0.0270805152214419,0.0309339891280695,0.00864005333283017,0.0255672730278692,0.0313409411841379,0.0107720195636413,0.0023531234052215,0.0842307963653988,0.0378702727010723
"sample_145",0.0946295112859333,0.0746906665716696,0.0498816027096872,0.0796488531783058,0.00192098651065364,0.0382702929634204,0.0634127530264035,0.044901576039192,0.0441387970076452,0,0.00509015957799206,0.000181767000232136,0.0652016057479287,0.0610652396942663,0.0619540807595886,0,0.0375637427033606,0.0448335960886732,0.0336174449792989,0,0.0371154921637499,0.0210375222723137,0.0195839473894643,0.0253534626988257,0.0262657132834129,0,0.0340144191855883,0.0356267671623941
"sample_146",0.0282656214156721,0.0278255775264694,0.0173417503389492,0.0287403821461883,0.0537776016324871,0.028470501669316,0.0421261520486083,0.0329890288099727,0.00730884805254569,0.00190802382263243,0,0.00968405438245293,0.0701486547126301,0.0301405019077909,0.0279052189718801,0.0616708567133032,0.0162638992610288,0.0409576335435383,0.00993132432925992,0.107624596167422,0.0210553582676135,0.0239456895320443,0.0602402902557828,0.0211502740009152,0.0220537093932663,0.0170305525378407,0.162037627593078,0.0294062709673121
"sample_147",0.0307951057145556,0.0344149796426417,0.0330947465568073,0.0622984830006571,0.0496797556141166,0.0167330627724718,0.0313618819655353,0.0395286971733681,0.0326217100372369,0.00968472419979552,0,0.0167926139576945,0.0609557867029005,0.0182834097072258,0.012550784126916,0.0485817102536055,0.0272692044909471,0.0249151473214198,0.0214111940238355,0.0795903792847161,0.0276853732328079,0.0254256712897575,0.0402343274454634,0.0237340967725667,0.0257588171421783,0.0486455002056315,0.129271463734369,0.028681373630779
"sample_148",0.0910900449895065,0.0730086178089564,0.0349860677552599,0.077864049147352,0.0192843334555527,0.0315435480612123,0.0314095139999207,0.0503503330071376,0.0520153157635924,0,0.00450600349019278,0.0147327644411423,0.0372938614511525,0.0557120501344649,0.0508442217614701,0,0.0389337424788563,0.0353586911112655,0.0293674457368959,0.00173829769841164,0.0411526435389709,0.0234175997887016,0.0401818162935277,0.0283844825291854,0.017572683381128,0.0245244308043543,0.0620829734344581,0.0326444679373317
"sample_149",0.0881450429209166,0.0717665974542526,0.0371252010707267,0.0752058144039955,0.00471399312639266,0.0318843928971652,0.0386699107252379,0.0418726720324544,0.0356772501708584,0,0.00789656292426762,0.00424203577663325,0.0483927210578613,0.0636579682576116,0.0702028650554035,0,0.0290376581020829,0.0488411789618712,0.0309298740564864,0.0144925961385787,0.0400884647587609,0.0270196895574849,0.0469686805688739,0.0256104176488933,0.0258177563258703,0.0211235201033774,0.0508484217440958,0.0197687141598469
"sample_150",0.104417010542707,0.0795263544751616,0.0299056300398831,0.0865588467243081,0.018393649541292,0.030203822524301,0.0176451187760887,0.0365412209562698,0.0362505201246439,0,0.00902860638091681,0.0214204528883593,0.0347766608994615,0.0757878259793123,0.0806750820788604,0,0.0252537045741152,0.0566851416260331,0.039961728624797,0,0.0453116207257344,0.0146035584983466,0.0326770840749126,0.0301747347095528,0.0330995164197668,0.024930122026694,0.0218777279195346,0.014294258868947
"sample_151",0.0785191491551653,0.0565097925993863,0.0792954253374183,0.0676879868648504,0.0129041938755061,0.0327588509766799,0.0813490179750415,0.0563299863885189,0.0475259481167552,0,0,0,0.0883276738592046,0.0425210187264508,0.0385927235139653,0,0.0498520384916151,0.0214318418839484,0.0320720123647858,0,0.0367768346610615,0.00331031671351586,0.0234146358536544,0.0375368526196649,0.0105963445265598,0,0.0473944812097669,0.0552928742864846
"sample_152",0.014575701958216,0.0176706077964174,0.0173717024360939,0.0258784307546835,0.0268352493519796,0.014066150365943,0.0265013239325283,0.017363353579692,0.0129326870482556,0.0239822530389143,0,0.0106691048045225,0.0430537961403082,0.0334114814751322,0.0218531040151908,0.0227163461404859,0.0131568399272703,0.0413016262566757,0.0233650021114745,0.332764222293011,0.0181838792473281,0.0385650747583393,0.0385121707584242,0.0133545342225408,0.0146500812339195,0.000372387121753032,0.124465903456445,0.0124269857744556
"sample_153",0.0369036175105225,0.0343599244181174,0.0452740570471447,0.0970057064221863,0.0621952392797222,0.0238875090450307,0.0436452157334176,0.0440424021860027,0.0168624063650438,0.00262031926027452,0,0.0121616362861957,0.0673022491508471,0.0363743944223314,0.0241732695371218,0.0581033617522162,0.0342626819107852,0.0279559279788266,0.0118678520850888,0.0798663573823209,0.0301873239835037,0.0121656540821059,0.0389447009310343,0.0289511036387572,0.0123362471516278,0,0.085641475649032,0.032909366790743
"sample_154",0.110303270491544,0.077018218085522,0.023726382487011,0.0959772112594749,0,0.0301702067705701,0.0290382505718302,0.0380471149267264,0.0404903640307502,0,0.00750131323770615,0.0134249121070219,0.0349447462128474,0.0904137010305615,0.0985930988083869,0,0.0196266628889063,0.0718537770005098,0.0410794231661359,0,0.03368415046457,0.0289233025383947,0.0251265503786829,0.0181808125892869,0.0372970330737325,0.00189817426633904,0.0152645445105923,0.0174167791028968
"sample_155",0.0907252885681358,0.0727802638767603,0.0685006227197509,0.0746548692745523,0.0138522941155986,0.0346614901079785,0.0666064362573185,0.0521440905179213,0.0425172467961572,0,0,0,0.057727807491519,0.0556330270689572,0.0567973604110841,0,0.0369188051607013,0.0423665974341074,0.0323219976195586,0,0.0343028901922129,0.0242050476930961,0.0156739077225655,0.0269181196974073,0.0241290624527861,0,0.0381686632488628,0.0383941115729684
"sample_156",0.0481324999657635,0.0418759028944307,0.0263435400276739,0.0516657968239986,0.0309797530541931,0.0271444115850939,0.0302688122044925,0.0436139841551454,0.029178055833294,0,0,0.00708382747385413,0.0679544809544806,0.0356694394369405,0.0418935002498968,0.0173136899376993,0.0300739910386528,0.0392615745035457,0.017484815504333,0.0692336486739882,0.0343302748635255,0.0190471054531971,0.0737553509496356,0.0199760788030947,0.0282552771382201,0.0243629942953341,0.118609768576353,0.0264914256031633
"sample_157",0.0479882584237385,0.0446312699831896,0.0329644367297643,0.0522894104457589,0.0385641557253671,0.0189909168540891,0.0266524860963205,0.0484604133746958,0.0344789475884971,0,0.00585301647688408,0.0155562933504953,0.0297887060731025,0.0282315744430097,0.0303674740059397,0.00818347548778163,0.0319810325970391,0.0301457728751244,0.0223849149866227,0.0201742498887113,0.0279157089400067,0.00839741990775021,0.101542271451615,0.0251902089179774,0.0306290117525504,0.141780298792296,0.0690871280473398,0.0277711467843329
"sample_158",0.100823971220538,0.0840137338918039,0.0452249476276997,0.0793413567907345,0.00472122765464324,0.0272561504766891,0.0437451511632779,0.0372868414278625,0.0359907988585875,0,0.0342321824199275,0.00741276130590433,0.0284736981419149,0.0699578479408138,0.063139469661328,0,0.0282674756581346,0.0433706538339334,0.0393236629981975,0.00809625382045919,0.0397121975103787,0.0252771881744025,0.0362686807859029,0.0265088855561738,0.0345440968522201,0,0.0340185402511234,0.022992225977349
"sample_159",0.0104443155020189,0.017349247474537,0.0239763436388108,0.0171664013858099,0.0166563741402828,0.0140328315263022,0.0283214606147465,0.0153319767679,0.0123084096390835,0.0255731921624907,0,0.00910406565260441,0.0417226153806327,0.0259437718147274,0.0182942357665159,0.0306991884092433,0.0146613866465143,0.034489964928385,0.0124646545300759,0.332102850406442,0.0201596863190391,0.0211635072818001,0.0569910299427135,0.0113840057177167,0.0142119290795764,0.000533260207977263,0.157939697240099,0.0169735978239554
"sample_160",0.117898107792648,0.0710395463276812,0.0184726338202784,0.0996090654152879,0,0.0315999375160768,0.0470018970615554,0.0162488936511177,0.0386275418349388,0,0.00488570809859302,0.0109087983312008,0.0180268690845334,0.104458985647051,0.0857939260861409,0,0.0241981847883086,0.0896271934682378,0.0588981845059332,0.00435766314480938,0.0413468885062532,0.00538729392468778,0.0361693527297065,0.017778646232996,0.035978202486259,0,0.0163312299242329,0.00535524962147321
"sample_161",0.0301538348538106,0.0492902731311914,0.0256132822647608,0.0275757280047896,0.0285363454532044,0.0153392296434383,0.0267901920975402,0.0191034030397064,0.0144621829336642,0.0526106560923627,0,0.0114429465990787,0.0562655784713568,0.0288214781428955,0.0237698997340132,0.0267426955628327,0.0154175163016432,0.0363790303421109,0.0101588888618573,0.217244099933731,0.0190153613378061,0.0236830702762786,0.0633415011761367,0.0103564842295964,0.017417678038797,0,0.136368414087328,0.0141002293900701
"sample_162",0.0484046093451096,0.0481679961712115,0.0511405634983673,0.0472671807067475,0.0364490903958502,0.0244499935853242,0.0616272855758802,0.0523455135421434,0.0349225443176351,0.00523269234706286,0,0.018855879670399,0.0631931840121445,0.0307479267754149,0.00861565569137598,0.049850070386336,0.0295997621932127,0.0204932056809278,0.0189497805879428,0.0695462824032533,0.0430011337916779,0.0322516039192889,0.0315421406262614,0.0249936131674402,0.027600694219331,0,0.0863211589555769,0.034430438434085
"sample_163",0.0712795852679654,0.0667302496324221,0.0545244411995667,0.0911384169173427,0.0283019288849689,0.0272299902053042,0.0583271362301051,0.0596411271271066,0.0388035760633145,0,0.00905499975595832,0,0.054731039030546,0.0509207668630048,0.0544351241551979,0,0.0530038013638468,0.0324149488280865,0.0211154237409192,0.00575305688484851,0.0298879969676136,0.0224967370828953,0.0291461724397687,0.0261552575978378,0.0179259668940292,0,0.056993562137238,0.0399886947301132
"sample_164",0.0737271830394282,0.0737541650393461,0.0636359380377516,0.0826989107242119,0.0618720525435736,0.0201022261957288,0.0444759747486204,0.0551357797404409,0.0334708290713149,0.0155651401674984,0.0113867437623995,0.00686815637957033,0.0930468763342738,0.0332884598203038,0.0136225700200143,0.0161981333812763,0.0365693871125337,0.0295033058905858,0.0251830803375113,0.0271744775233815,0.0258588448714477,0.00684998895867625,0.0402170097181342,0.0241295683742753,0.0226995802907434,0,0.0272108637029875,0.0357547542139704
"sample_165",0.0732242306060799,0.0611143720743409,0.0346184818968517,0.0607781901988676,0.0226176338486386,0.0260615733309008,0.0277039602080018,0.0575814288385107,0.0500528043529234,0,0.00515178754425668,0.00917270526015452,0.0342959203163111,0.043887727655229,0.0517713906873012,0,0.037581737219487,0.0401606475585548,0.0345586418714479,0,0.0262941481997886,0.00711558189606457,0.0920544181612937,0.0300036879334446,0.0295628771346162,0.0674058528153118,0.0544562498039453,0.0227739505876774
"sample_166",0.0483672356855264,0.0542722171033273,0.0409526363017982,0.0682215835122448,0.0330719241135781,0.0253756446289365,0.065352657934314,0.0554319500335133,0.0353503913593985,0,0,0,0.0744713581848708,0.0294328308249697,0.0407901383731251,0.0208232902793391,0.0284800950506918,0.030040422438737,0.0165993487893704,0.0693776199836133,0.0362747715833843,0,0.0489012290566787,0.0306076467571775,0.0227137193287781,0,0.0880474798083194,0.0370438088683075
"sample_167",0.0969085573257546,0.0890240142065475,0.0375317339876231,0.085829842236792,0,0.0368534264824378,0.0431761267947468,0.042323030349875,0.0440368453335923,0,0.00216700929773626,0.00791956333602324,0.0393581045567841,0.0781728997405464,0.0857878566585786,0,0.0271445073159553,0.0537705617181011,0.0423923525859524,0,0.0398460310930172,0.020749489544514,0.0214965348280247,0.0200810514567409,0.0232576145715585,0,0.0294331102548836,0.0327397363242148
"sample_168",0.0598259607812297,0.0548115653925804,0.0653989481441026,0.0553421020186608,0.0353696958115294,0.031929569982389,0.0640724965405114,0.0612522480600816,0.0380925620400961,0,0,0,0.0593736082623104,0.0293162862250786,0.0255606760626728,0.0240628749733134,0.0422768708097743,0.0256970109492312,0.0143356533647724,0.0295561632020695,0.0402942839634342,0.0135882324149044,0.0455582967491324,0.0324918821995322,0.0233948249150266,0,0.0843916429292502,0.0440065442083163
"sample_169",0.0165285275786054,0.0207728914629173,0.0269343607596659,0.018840431031361,0.0149105453399597,0.0170780116125999,0.028807001943101,0.0189484168408495,0.0176884490452598,0.0217674880155386,0,0.0077885316448229,0.0492159801003948,0.032136197473756,0.0287379768565484,0.0251119597783015,0.0197334203970942,0.0423236037735122,0.0141968007168653,0.216532130090506,0.0218415659583357,0.0371173362692479,0.0395134319112548,0.011399869598406,0.0163505376486632,0.00665577021406478,0.212410455668855,0.0166583082695129
"sample_170",0.0381960731567653,0.0338497216492937,0.0297137613690784,0.035833498451663,0.0258734644277408,0.0154051976485784,0.0244860569044807,0.0458479037750459,0.0327406630267582,0,0,0.0135633737143506,0.0411699612530887,0.0247689688417072,0.0273221483256479,0.00959136229891521,0.0377177636332541,0.0211247329573139,0.0195342952326536,0,0.0200408136963544,0,0.0814360758665579,0.0294198351719398,0.0226237985526057,0.21212595151103,0.129774281115694,0.0278402974194825
"sample_171",0.0162858396145765,0.0227478254283454,0.0292638091963514,0.0703623393667304,0.0351202216898601,0.0161730850589589,0.0351738664366162,0.0200732711741899,0.0169814622938522,0.026399500385923,0,0.0162541141291095,0.0479574323300999,0.0233779747689979,0.0203185823972112,0.0252031776237651,0.0226574839352279,0.036650366703895,0.0165398497442354,0.23186479681506,0.0223624021780302,0.00814366202537011,0.0434368047224787,0.0106159628957936,0.0221724125436627,0.00193389513245136,0.141832173895588,0.0200976875136196
"sample_172",0.0501300995298277,0.0757484011204922,0.0316853252608436,0.0713770880469977,0.0543378634672405,0.0324510821314964,0.0602743879938407,0.0443952957028178,0.0297380469817475,0,0.0285797546295456,0.0205561960638239,0.0253804409556759,0.0294853172453552,0.0346313603896028,0.00272352332638133,0.0218532378092958,0.0434630828166647,0.0188319369846397,0.0693395904579666,0.0352522737409034,0.0144596942382257,0.081119519997936,0.0201526713737987,0.0376463856779748,0,0.0396978425777282,0.0266895814791774
"sample_173",0.0241204988179101,0.0264716388632534,0.0267811688487563,0.0316186271060612,0.0210881073710665,0.0190749885296583,0.0307124675379589,0.0269233752009307,0.0240946306051442,0.0150671301498225,0,0.0114855147741815,0.0482126942781756,0.0297224195931447,0.0265356098759147,0.0215883258852163,0.022087688966057,0.0431334638563644,0.0197400173644741,0.180213935204619,0.0265892749855993,0.0377026877518912,0.0654543064608463,0.0224097295515609,0.0261757873358506,0.013081301490153,0.140355726037403,0.0195588835579864
"sample_174",0.0443188624627087,0.0423514871936424,0.031242801800648,0.0446049824450151,0.0353107961841112,0.0214994463199874,0.0279316238166596,0.0471118935033847,0.0347536938394381,0,0,0.00840147522794787,0.0519139921203457,0.0277090955853408,0.013280928908821,0.0335096189089872,0.0423933652857696,0.0242019230002607,0.019225645343831,0,0.0238615665825295,0,0.107258409345667,0.0272329631223956,0.0241418835899849,0.147218440796335,0.091369774262506,0.0291553303536822
"sample_175",0.0481028538391289,0.0202757603395528,0.04116693221332,0.140030135513028,0.140446651469083,0.0057180307018627,0.00620704408584156,0.030988872019463,0.00270561726193821,0.0384215319845798,0.0026202318481551,0,0.131766953774786,0.0256802713646002,0.0293435528483332,0.0188706139805008,0.0124407599921212,0.0310853366242554,0.0313492863829958,0.0226501092966487,0.0282079633159249,0,0.0540164611451935,0.0373973174206794,0.00961248945740881,0.0208149407653376,0.0495850373995147,0.0204952449557466
"sample_176",0.0143871007100349,0.0173079218614553,0.0321393456768734,0.0278149964280952,0.0224214612355669,0.0148509577670076,0.031688860417937,0.0163097460246965,0.0148173499764068,0.0329486860050337,0,0.00977530714838263,0.046335608935271,0.0289602021678625,0.0271676837299171,0.0384106955962337,0.0146141508164207,0.038061420361943,0.0121868469290907,0.211665131168393,0.0209538527251242,0.00979640115569622,0.0781745628969941,0.0185344256714812,0.0152146486182642,0.00263644406265652,0.182139727606283,0.020686464306879
"sample_177",0.026067903382642,0.0307250037981983,0.0347406634608603,0.0379459442733363,0.0272689348303621,0.0201139825452955,0.0366448366607307,0.0306792772534356,0.024036400406874,0.0119756263013567,0,0.00812528750172553,0.0549710387998606,0.0342082526459034,0.0295008078301761,0.0281874934092656,0.028160351273448,0.0380152245273267,0.0164015971764934,0.197565085846528,0.0267815898854081,0.0238422267967771,0.0312464704956363,0.0190248529380082,0.0220653875843745,0.000469868006280453,0.13442962359708,0.026806268772617
"sample_178",0.0681913838838978,0.044107316601266,0.0265192869908897,0.0600688301615219,0.0922594029514747,0.0223734907033764,0.00614852557569635,0.0469801140302763,0.0330572690014666,0,0.0169541224455278,0.0121743870541328,0.061866600684292,0.0342419876674887,0.0325372378550444,0.00898286469326771,0.0328976367479953,0.0351623392555953,0.0462468076030134,0,0.0188180571030233,0.00503843724295641,0.115976672929189,0.0279263326185897,0.026710568751709,0.0726114856680758,0.0347480311301617,0.017400810650072
"sample_179",0.0417749806008811,0.0377383199651864,0.0293089335050823,0.056287264000827,0.0471934476168848,0.0230733500339823,0.0387812966578541,0.0448952636724244,0.0317765644389127,0,0,0.00932394304526426,0.0512937806415744,0.0255113853001157,0.0262598918926526,0.0401480531739309,0.0257847243283045,0.0284620031371075,0.0269136090246115,0.027214224598754,0.0297290577623359,0.040040067355502,0.0539593863664384,0.0293956623105772,0.0238009385108341,0.0625730709905083,0.119128948163464,0.02963183290599
"sample_180",0.0990002532061329,0.0753752847441056,0.0516991816856316,0.0890893290352078,0,0.0394740861476964,0.0509674634730595,0.0379873828753191,0.0389480286613596,0,0.00243335783336142,0.00579479129663942,0.0504085184147474,0.0607554508629937,0.0796816130834352,0,0.0354477888236114,0.0505366902899587,0.0341959622240095,0,0.0365444368681718,0.0312127222185608,0.0214138848747125,0.0241241701213349,0.0264942287136468,0.00231324129479947,0.0257795234366371,0.0303226098148676
"sample_181",0.0156470973261701,0.0215345266914066,0.0182398234401912,0.0362202393554112,0.0185616190064968,0.01580824279953,0.0303082209801116,0.0152439107933523,0.0124173733816805,0.0205643781557129,0,0.0114647380921688,0.0380465119085102,0.0389478598860141,0.0226061009723997,0.0398916274154294,0.0142096503294,0.0440203509459447,0.0193063237548096,0.198014343402955,0.0215006546396939,0.0572960147093842,0.0543076315096427,0.011497542301059,0.0153434490671623,0.0114558597871298,0.176134272818621,0.0214116365296127
"sample_182",0.0923353197080604,0.0872617127464624,0.0522052900117662,0.0877800689633767,0.00493233081938825,0.0324153788209785,0.0495024935429802,0.0386511125266959,0.0431405219431736,0,0.00723400104122149,0.00666889464368222,0.0520229942564066,0.0694648669872074,0.0684250546221355,0,0.0236476505057699,0.049730716394349,0.0350594253653544,0.00231462605213699,0.0367710039144744,0.0250399191733658,0.0285721476254614,0.025192324550867,0.0266081162083806,0.000712522957627383,0.0271511447000828,0.027160361918595
"sample_183",0.0240607346031429,0.0358003909030744,0.0191154746750405,0.0221194427427634,0.0204368224623986,0.021521391746459,0.0320704309237178,0.0200591312215832,0.0108801879607379,0.0322425859659447,0,0.00633370564264614,0.0572210516706486,0.0280938725318488,0.0147233092632376,0.0363496500100652,0.0119825526746895,0.0444857055360738,0.0214756249894004,0.236377926577055,0.0177406463061165,0.0270099713725814,0.0810028756886376,0.0114568779496136,0.0173612911685462,0.000560266016803873,0.129537612142972,0.0199804672542014
"sample_184",0.0252002162209164,0.0246169952322167,0.0232552776362766,0.0398004507238047,0.0342639203774039,0.0148425097866851,0.0262080923310904,0.028092954505619,0.0179131885911883,0.00610270902996852,0.00231876853858621,0.0182886664575004,0.0321266491311089,0.0231433551801369,0.0281824997120535,0.0268311859933537,0.0218742643038285,0.0347680279520086,0.0242899442448777,0.0866476180816198,0.0241731875601565,0.0339212228173813,0.0702789663732144,0.0179376829065418,0.0248661330858205,0.122528083726237,0.149661996308231,0.0178654331921744
"sample_185",0.018523341444821,0.0204690803285975,0.0239942288912242,0.0276550516313499,0.0465350734794686,0.0153045959809557,0.0313207485557288,0.0178269303713931,0.0132144150913435,0.025053968745774,0,0.0131308256710096,0.0487290236418605,0.0289291290528804,0.0301420486578034,0.0143771708132649,0.0157190651514421,0.0468952129493614,0.0187598242191852,0.241789551973266,0.024707059559915,0.0366503503841326,0.0388746394566005,0.0117969414517654,0.0173055302760842,0,0.15788091025151,0.0144152819692624
"sample_186",0.0337562284688951,0.0346888690491041,0.0376431598855921,0.0549629276810653,0.0466087056189131,0.0200267721491404,0.0337869262010134,0.0400362812414476,0.0266710071546407,0.00896054731482761,0,0.00803154166178725,0.060130072900294,0.0220510646353551,0.0220304140466112,0.0429799313601305,0.0397199424229825,0.029681388298913,0.0184534397904169,0.0439090030599083,0.0258293452551085,0.0291782008087801,0.0850761701335874,0.0298549649294358,0.0256447602240408,0.0303786180635965,0.112956762273543,0.03695295537087
"sample_187",0.0238222485865067,0.0225922653281633,0.0368549162877648,0.0424662020267424,0.0817414962278032,0.0137047725753776,0.0375313937727291,0.0249786719260415,0.0161875588011325,0.028359551507696,0,0,0.0751136086177522,0.017818905795974,0.0165917565530238,0.0416439730192207,0.0252420504781645,0.0260032465080664,0.022558215640819,0.110098731894245,0.0323590535490444,0.0333330208622534,0.0451352555656099,0.0200070385460882,0.0219853369545899,0.00530603450273775,0.155398408648526,0.0231662858239276
"sample_188",0.0873653916114762,0.0696453473053128,0.0627782974960972,0.0842626472711513,0.035090683614586,0.0280632972466173,0.0658112002251325,0.0542548659850727,0.0388726892252062,0,0.0147156418347136,0,0.0711147445174712,0.0497911566116021,0.0420153823579811,0,0.0463602364707347,0.0243233552677133,0.0187743901335206,0,0.0394644768601082,0.00422313287009598,0.023388623707853,0.0327980107269238,0.0149785239655649,0,0.0414595838384741,0.0504483208565914
"sample_189",0.0342746938295202,0.0406683355267405,0.0463362530487495,0.046557792556942,0.037596776414926,0.0224841796086082,0.0373251953889362,0.0405390922158361,0.0235284862422761,0.0178744675483462,0,0,0.076839811249709,0.029598911957157,0.0202010779251341,0.0262190559024526,0.0278533136311755,0.0304822173228212,0.0169514328845875,0.119923138903437,0.0215543381958138,0.0420744538926397,0.0446881318861799,0.021169735695059,0.0245662347634353,0,0.121345275447947,0.0293475979615711
