,Abiotrophia,Acetivibrio,Acidimicrobium,Acidovorax,Acinetobacter,Actinoallomurus,Actinobacillus,Actinobaculum,Actinomyces,Actinomycetospora,Aerococcus,Aeromicrobium,Aeromonas,Afipia,Aggregatibacter,Agrobacterium,Alistipes,Alkalitalea,Alloprevotella,Allorhizobium,Allosphingosinicella,Alphainfluenzavirus,Alteromonas,Alysiella,Amedibacterium,Aminipila,Amphritea,Amycolatopsis,Amygdalobacter,Anabaena,Anaerococcus,Anaerostipes,Aneulophus,Anoxybacillus,Apibacter,Aquabacterium,Aquisphaera,Arabidopsis,Arachnia,Araucaria,Arxiella,Aspergillus,Atopobium,Auraticoccus,Aureobasidium,Austrotaxus,Avena,Avibacterium,Bacillus,Bacteriovorax,Bacteroides,Belnapia,Bergeyella,Betacoronavirus,Betatorquevirus,Bibersteinia,Bifidobacterium,Bisgaardia,Bjerkandera,Blastobacter,Blastomonas,Blautia,Bosea,Brachybacterium,Bradyrhizobium,Brassica,Brevibacterium,Brevundimonas,Brucepastera,Buckleyzyma,Bulleidia,Bullera,Buttiauxella,Caldibacillus,Caldimonas,Campylobacter,Candida,Candidatus Arcticimaribacter,Candidatus Minimicrobia,Capnocytophaga,Capnodium,Cardiobacterium,Carnobacterium,Cathaya,Catonella,Caulifigura,Caulobacter,Cellulophaga,Centipeda,Cercospora,Cercostigmina,Cereibacter,Chamaecyparis,Chryseobacterium,Citrobacter,Cladosporium,Claveliimonas,Cloacibacterium,Clogmia,Clostridium,Columnosphaeria,Comamonas,Conchiformibius,Constantinomyces,Coprinopsis,Coprobacter,Cordyceps,Corynebacterium,Croceibacterium,Cryptobacterium,Cunninghamia,Cupriavidus,Curtobacterium,Cutibacterium,Cyberlindnera,Cytophaga,Dankookia,Darkera,Debaryomyces,Dechloromonas,Deinococcus,Delftia,Dermacoccus,Dermatophilus,Dialister,Diaphorobacter,Diaporthe,Diddensiella,Dissoconium,Dokdonella,Dolosigranulum,Dothiora,Drepanosiphum,Duffyella,Duncaniella,Ectobacillus,Eikenella,Elizabethkingia,Elsinoe,Empedobacter,Emticicia,Encephalartos,Enhydrobacter,Enterobacter,Enterocloster,Enterococcus,Enterovirus,Epicoleosporium,Epilithonimonas,Eremothecium,Erwinia,Escherichia,Eubacterium,Evadne,Exiguobacterium,Ezakiella,Faecalibacterium,Fastidiosipila,Ferribacterium,Festuca,Filifactor,Filobasidium,Finegoldia,Flavobacterium,Frankia,Frederiksenia,Frigoriglobus,Fructobacillus,Fusarium,Fusobacterium,Fusoidiella,Gallibacterium,Gardnerella,Gemella,Geobacillus,Ginkgo,Glaciecola,Glaesserella,Glarea,Glutamicibacter,Glyptostrobus,Gnetum,Golubevia,Gordonia,Grammothele,Granulicatella,Haemophilus,Halobacteriovorax,Halomonas,Hannaella,Helcococcus,Herbaspirillum,Hertelidea,Heyndrickxia,Hirsutella,Histophilus,Hordeum,Hormonema,Hoylesella,Hungatella,Hydrogenophaga,Hydrogenophilus,Hymenobacter,Hyphopichia,Hysteropatella,Hyweljonesia,Ideonella,Intrasporangium,Isosphaera,Janthinobacterium,Jeotgalibaca,Johnsonella,Justicia,Kaistella,Kingella,Klebsiella,Kluyvera,Kocuria,Komagataella,Kytococcus,Lachnoanaerobaculum,Lachnospira,Lacrimispora,Lactobacillus,Lactococcus,Lancefieldella,Lasallia,Lasiodiplodia,Latilactobacillus,Lautropia,Lawsonella,Leclercia,Legionella,Lelliottia,Leptothrix,Leptotrichia,Leuconostoc,Leucosporidium,Ligilactobacillus,Limosilactobacillus,Lolium,Mageeibacillus,Malassezia,Maldane,Malus,Mammaliicoccus,Mannheimia,Marinomonas,Marmoricola,Massilia,Medicago,Medicopsis,Mediterraneibacter,Megamonas,Megasphaera,Meiothermus,Mergibacter,Meristemomyces,Mesorhizobium,Metabacillus,Metamycoplasma,Metapneumovirus,Metasequoia,Methylobacterium,Methylomusa,Methylorubrum,Microbacterium,Microbiota,Micrococcus,Microcycas,Microlunatus,Micromonospora,Micropruina,Microvirga,Miltoncostaea,Modestobacter,Mogibacterium,Moheibacter,Monilia,Moraxella,Morganella,Morococcus,Moryella,Mucilaginibacter,Muribacter,Musa,Mycobacteroides,Mycolicibacterium,Mycophycias,Mycoplasma,Mycoplasmopsis,Myriangium,Myroides,Nakaseomyces,Nannochloris,Nanosynbacter,Necropsobacter,Neisseria,Neobacillus,Neocatenulostroma,Neomanoharachariella,Neorhizobium,Nevskia,Nicoletella,Nocardioides,non-genus-specific reads in family Acetobacteraceae,non-genus-specific reads in family Actinomycetaceae,non-genus-specific reads in family Aerococcaceae,non-genus-specific reads in family Anelloviridae,non-genus-specific reads in family Bacteroidaceae,non-genus-specific reads in family Boletaceae,non-genus-specific reads in family Candidatus Nanogingivalaceae,non-genus-specific reads in family Candidatus Saccharimonadaceae,non-genus-specific reads in family Carnobacteriaceae,non-genus-specific reads in family Clostridiaceae,non-genus-specific reads in family Coronaviridae,non-genus-specific reads in family Dothioraceae,non-genus-specific reads in family Elsinoaceae,non-genus-specific reads in family Enterobacteriaceae,non-genus-specific reads in family Eubacteriales Family XIII. Incertae Sedis,non-genus-specific reads in family Flavobacteriaceae,non-genus-specific reads in family Fusobacteriaceae,non-genus-specific reads in family Heliobacteriaceae,non-genus-specific reads in family Herelleviridae,non-genus-specific reads in family Inoviridae,non-genus-specific reads in family Lachnospiraceae,non-genus-specific reads in family Microviridae,non-genus-specific reads in family Moraxellaceae,non-genus-specific reads in family Mycosphaerellaceae,non-genus-specific reads in family Myriangiaceae,non-genus-specific reads in family Neisseriaceae,non-genus-specific reads in family Oscillospiraceae,non-genus-specific reads in family Parmeliaceae,non-genus-specific reads in family Pasteurellaceae,non-genus-specific reads in family Peptostreptococcaceae,non-genus-specific reads in family Phaeosphaeriaceae,non-genus-specific reads in family Pinaceae,non-genus-specific reads in family Prevotellaceae,non-genus-specific reads in family Propionibacteriaceae,non-genus-specific reads in family Rhodocyclaceae,non-genus-specific reads in family Sphingomonadaceae,non-genus-specific reads in family Streptococcaceae,non-genus-specific reads in family Teratosphaeriaceae,non-genus-specific reads in family Tremellaceae,non-genus-specific reads in family Veillonellaceae,Nonlabens,Nothocladosporium,Nothotsuga,Novosphingobium,Nymphaea,Oceanisphaera,Oceanivirga,Oceanobacillus,Ophiocordyceps,Ophiostoma,Oribacterium,Ornithobacterium,Orthopneumovirus,Oryza,Otariodibacter,Ottowia,Ourmiavirus,Paenarthrobacter,Paenimyroides,Pahexavirus,Paludibacter,Pantoea,Papiliotrema,Parabacteroides,Paraburkholderia,Paracidovorax,Paracoccus,Paradissoconium,Parageobacillus,Paraliomyces,Paralysiella,Paraprevotella,Parasola,Paraxerochrysium,Parengyodontium,Parmotrema,Paroceanicella,Parvimonas,Pasteurella,Patellaria,Pauljensenia,Pediococcus,Pedobacter,Pelosinus,Penicillium,Penidiella,Peptacetobacter,Peptoanaerobacter,Peptoniphilus,Peptostreptococcus,Peribacillus,Pestalotiopsis,Phascolarctobacterium,Phocaeicola,Photobacterium,Phragmites,Phyllobacterium,Picea,Pichia,Picipes,Pimelobacter,Pinus,Piscinibacter,Pleomorphomonas,Pneumocystis,Podospora,Populus,Porphyromonas,Prasiola,Prevotella,Prevotellamassilia,Priestia,Propionibacterium,Proteiniphilum,Protoparmeliopsis,Pseudaeromonas,Pseudocercospora,Pseudoduganella,Pseudoglutamicibacter,Pseudohongiella,Pseudoleptotrichia,Pseudomonas,Pseudonocardia,Pseudopestalotiopsis,Pseudoprevotella,Pseudorhodoplanes,Pseudostreptobacillus,Pseudoveronaea,Pseudoxanthomonas,Psychrobacter,Pyramidobacter,Pyrenula,Quercus,Ralstonia,Ramichloridium,Ramlibacter,Ramularia,Rhadinovirus,Rheinheimera,Rhizobium,Rhizoplaca,Rhodobacter,Rhodococcus,Rhodoferax,Rhodopseudomonas,Rhodotorula,Riemerella,Rodentibacter,Roseomonas,Rothia,Rufibacter,Rumex,Rupestriomyces,Rutstroemia,Saccharimonas,Saccharomyces,Saitozyma,Salinicoccus,Salix,Salmonella,Sarcinomyces,Sarea,Saxegothaea,Schaalia,Scolecobasidium,Sebaldella,Segatella,Selenobaculum,Selenomonas,Sequoia,Serratia,Siminovitchia,Simonsiella,Singulisphaera,Sinomicrobium,Sinorhizobium,Sistotrema,Skermanella,Slimacomyces,Sneathia,Snodgrassella,Solanum,Solobacterium,Spencermartinsiella,Sphaceloma,Sphaerotilus,Sphaerulina,Sphingobacterium,Sphingobium,Sphingomonas,Sphingopyxis,Spirosoma,Sporomusa,Staphylococcus,Stappia,Starmerella,Stenotrophomonas,Streptobacillus,Streptococcus,Stutzerimonas,Sugiyamaella,Superstratomyces,Sydowia,Syntrophothermus,Tahibacter,Tannerella,Teichospora,Tepidibacter,Tepidimonas,Teratosphaeria,Thauera,Thermoanaerobacter,Thermobispora,Thermus,Thuja,Timema,Tobamovirus,Toxicocladosporium,Treponema,Tripidium,Triticum,Trueperella,Tsuga,Umbilicaria,Ureaplasma,Uruburuella,Uwebraunia,Vaginimicrobium,Vagococcus,Variovorax,Veillonella,Vespertiliibacter,Vibrio,Vitreoscilla,Weeksella,Wielerella,Williamsia,Xanthobacter,Xanthomonas,Xenorhabdus,Xerochrysium,Xylaria,Zea,Zymoseptoria
healthy_001,0,0,0,0,0.009338812,0,0,0,0.042958536,0,0,0,0,0,0.013074337,0,0,0,0,0,0,0,0,0,0,0,0,0,0,0,0,0,0,0,0,0,0,0,0,0,0,0,0,0,0,0,0,0,0,0,0.00747105,0,0,0,0.018677624,0,0,0,0,0,0,0,0,0,0,0,0,0,0,0,0,0,0,0,0,0.027082555,0,0,0,0.034553605,0,0,0,0,0,0,0,0,0,0,0,0,0,0,0,0,0,0,0,0,0,0,0,0,0,0,0,0.06163616,0,0,0,0,0,0,0.011206575,0,0,0,0,0,0,0,0,0,0,0,0,0,0,0,0.259618976,0,0,0,0,0,0,0,0,0,0,0,0,0,0,0.016809862,0,0,0,0,0,0.006537168,0,0,0,0,0,0,0,0,0,0,0,0,0,0,0,0,0,0.016809862,0,0,0,0.294172581,0,0,0,0,0,0,0,0,0,0,0,0.02334703,0.490287635,0,0,0,0,0,0,0,0,0,0,0,0,0,0,0,0,0,0,0,0,0,0,0,0,0,0,0,0,0,0,0,0,0,0,0,0,0,0,0,0,0,0,0.037355248,0,0,0,0,0,0.066305566,0,0,0,0,0,0,0,0,0,0,0,0,0,0,0,0,0,0,0,0,0,0,0,0,0,56.86122525,0,0.00747105,0,0,0,0,0,0,0,0,0,0,0,0,0,0,0,0.082181547,0,0,0,0,0,0,0,0,0,0,0,0,0,0,0,0,0,3.572095629,0,0,0,0,0,0,0,0,0,0,0.018677624,0,0,0,0,0,0,0,0,0,0,0,0,0,0,0,0,0,0,0,0,0,0,0,0,0,0,0,0,0,0,0,0,0,0,0,0,0,0,0,0,0,0,0,0,0,0,0,0,0,0,0,0,0,0,0,0,0,0,0,0,0,0,0,0,0,0,0,0,0,0,0,0,0,0,0,0,0,0,0,0,0,0,0,0,0,0,0,0,0,0,0,0,0.040156892,0,0,0,0,0,0,0,0,0,0,0.025214793,0,0.329660067,0,0,0,0,0,0,0,0,0,0,0,0.00747105,0,0,0,0,0,0,0,0.009338812,0,0,0,0,0,0,0,0,0,0,0,0,0,0,0,0,0,0,0,0.112999626,0,0,0,0,0,0,0,0,0,0,0,0,0,0,0,0,0.014008218,0,0.016809862,0,0,0,0,0,0,0,0,0,0,0,0,0,0,0,0,0,0,0,0.009338812,0,0,0,0,0,0,0,0.00747105,0.026148674,21.48300336,0,0,0,0,0,0,0,0,0,0,0,0,0,0,0,0,0,0,0,0,0,0,0,0,0,0,0,0,0,0,0,0.251214046,0,0,0,0,0,0,0,0,0,0,0,0,0
healthy_002,0.010107505,0.001024108,0,0,0,0,65.7997218,0,0.107219697,0,0,0,0,0,7.87129718,0,0.035175897,0.014382044,0.066344414,0,0,0,0,0,0,0.00276064,0,0,0,0,0,0.013090777,0,0.001157688,0,0,0,0,0,0,0,0.000667897,0.002270849,0,0.003562116,0,0,0.007346865,0,0,0.104904322,0.000578844,0.150276776,0,0,0.037179588,0,0.000667897,0.000801476,0,0,0,0,0,0,0,0.000400738,0,0,0,0.008771711,0,0,0,0,9.84239417,0.380879273,0,0.006634441,1.506864198,0,0.00138032,0,0,0.014782782,0,0,0,0.000534317,0.001870111,0,0.001246741,0,5.192630338,0.000846003,0,0,0,0,0,0,0,0.00903887,0,0,0.004408119,0,1.069258225,0,0,0,0,0,0.00890529,0,0,0.000935055,0,0,0,0,0,0,0,0.14119338,0,0,0,0,0,0.782730505,0,0,0,0.005966545,0,0.086247738,0.207137056,0,0,0.011398772,0,0,0.023955231,0,0.030099882,0,0,0.014960888,0.000667897,0,0.033973683,0.002315376,0.006411809,0,0,0,0,0,0,0.003072325,0,0,0,0,0,0,0,0,6.554917145,0,0,0,90.13347249,0,0,0,0.755257683,0,0,0,0,0,0,0,1.390828263,148.3791036,0,0,0,0.00062337,0,0,0,0,0,0,0,0.084956471,0.265021444,0,0,0,0,0,0,0,0.000801476,0,0,6.857964179,0.002448955,0,0.162477024,0.108510964,0.007346865,0.001647479,0,0,0,0.441524301,0,0,0.002493481,0.009884872,0.097379351,0,0,0,0.057839862,0,0,0,0.000935055,0,0.386445079,0,0,0,0,0,0,0,0,0,0,2.697679638,0,0,0,0,0,0,0,0.061980822,0.000890529,0,0,0,0,0,0,0,0,0,0,0,0,0,0,0,0.000667897,0,0,0,0,0.011844036,0.000489791,0,22.58061069,0,0.253889831,0.001469373,0.002359902,0.001914637,0,0,0.001781058,0,0,0.002048217,0,0,0.002849693,0,0.030277988,0,270.7311154,0,0,0,0,0,0.001335794,0,0.001202214,0,0.003473063,0,0.002048217,0,0.084867418,0,0,0,0,0,0,0,0.057884388,3.676593691,0,0.000890529,0,0.009439608,0.449093798,0,7.279095365,0,0,0.001825585,0,0,196.762259,0,0,0,0.182202243,0,0,0,0,0,0,0,0,0,0,0,0,0,0,0,0,0,0.004274539,0.010953507,0,0,0.034196315,0.02208512,0,0,0,0,0,0,0,0,0,0,0.000667897,0,0,0,0.000578844,0.031346622,0,0,0,0,0,0.202773464,0.147427083,0,0,0,0,0,0,0,0,0,0,0.343966844,0,0,0,0,0,0,0,0,0.00213727,0,0,0,0,0,0,0,0,0,0,16.32117108,0.136117365,0.002092743,0,0,0,0,0,0,0,0,0.612194192,0,0,0,0,0,0.000935055,0,0,0,0,0,0,0.004007381,0,0,0,0,0,0,0,0.001602952,0,0,0.000311685,0,14.25305095,0.025780816,0,6.143002935,0,0,0,0,0.038871593,0,0,0,0,0.013669621,0,0,0,0.617403787,0,0,0.313555277,0.001335794,0.354964878,0,0.007168759,0,0.109846758,0,0,0,0,0,0,0.016875525,0,0,0.031925466,0,0,0,0,0,0,0,0,0,0,0.045595087,0,0.002493481,0.000400738,0.121779847,137.6471154,0.003829275,0,0,0,0,0,0,0,0.000846003,0,0,0,0,0.000445265,0,0,0,0,0,0.487831811,0,0,0,0,0,0,0.001781058,0,0,0.014916362,0,14.92597923,0.015984996,0,0,0.00075695,0.007614023,0,0,0,0,0,0,0,0.001469373
healthy_003,0,0,0,0.004625347,0.006167129,0,0,0,0.076896392,0,0,0,0,0,0,0,0,0,0,0,0,0,0,0,0,0,0,0,0,0,0,0,0,0,0,0,0,0,0,0,0,0,0,0,0.001927228,0,0,0,0,0,0,0,0,0,0,0,0.008479803,0,0,0,0,0,0,0,0,0,0,0,0,0,0,0,0,0,0,0,0,0,0,0,0,0,0,0,0,0,0,0,0,0,0,0,0,0,0,0,0,0,0,0.00279448,0,0,0,0,0,0,0,0.026884829,0,0,0,0,0,0.007130743,0,0,0,0,0,0,0,0,0,0,0,0,0.009443417,0,0,0,0,0,0,0,0,0,0,0,0,0,0,0,0,0,0,0,0,0,0,0,0,0.03459374,0,0,0,0,0,0,0,0,0,0,0,0,0,0,0,0,0,0,0,0,0,0.034786463,0,0,0,0,0,0,0,0,0,0,0,0,0,0,0,0,0,0,0,0,0,0,0,0,0,0,0,0,0,0,0,0,0,0,0,0,0,0,0.000963614,0,0,0.004047179,0,0,0.01175609,0,0,0,0,0,0.002890842,0.065333025,0,0,0,0,0,0,0,0,0,0,0,0,0,0,0,0,0,0,0,0,0,0,0,0,0,0,0,0.001541782,0,0.000963614,0,0,0,0,0,0,0,0,0,0,0.002505396,0,0,0,0,0,0,0,0,0,0,0,0,0,0,0,0,0,0,0,0,0,0,0.032762874,0,0,0,0,0,0,0,0,0,0,0,0,0,0,0,0,0,0,0,0,0,0,0,0,0,0,0,0,0,0,0,0,0,0,0,0,0,0,0,0,0,0,0,0,0,0,0,0,0,0,0.000963614,0,0,0,0,0,0,0,0,0,0,0,0,0,0,0,0,0,0,0,0,0,0,0,0,0,0,0,0,0,0,0,0,0,0,0,0,0,0,0,0,0,0,0,0,0,0,0,0,0,0,0,0,0,0,0,0,0,0,0,0,0,0,0,0,0,0.004239901,0,0,0.080365402,0,0,0,0,0.019175917,0,0,0,0,0,0,0,0,0,0,0,0,0,0,0,0,0,0,0,0.007708912,0,0,0,0,0,0,0,0,0,0,0,0,0,0,0,0,0,0,0,1.825373882,0,0,0,0,0,0,0,0.00134906,0,0,0,0,0,0.013394234,0,0,0,0,0,0,0,0,0,0,0,0,0,0,0,0,0,0,0,0.005010792,0,0,0,0,0,0,0,0,0,0.007034382,0,0,0,0,13.86592276,0.007516189,0,0,0,0,0,0,0,0,0,0,0,0,0,0,0,0,0,0,0,0,0,0,0,0,0,0,0,0,0.001927228,0,0.002312673,0,0,0,0,0,0,0,0,0,0,0,0,0
healthy_004,0,0,0,0,0,0,0.680810245,0,0,0,0,0,0,0,0.026161052,0,0,0,0,0,0,0,0,0,0,0,0,0,0,0,0,0,0,0,0,0,0,0,0,0,0,0,0,0,0,0,0,0,0,0,0,0,0.009343233,0.259118995,0,0,0,0,0,0,0,0,0,0,0,0,0,0,0,0,0,0,0,0,0,0.018686466,0,0,0,0,0,0,0,0,0,0,0,0,0,0,0,0,0,0,0,0,0,0,0,0,0,0,0,0,0,0,0,0,0,0,0,0,0,0,0,0,0,0,0,0,0,0,0,0,0,0,0,0,0,0,0,0,0,0,0,0,0,0,0,0,0,0,0,0,0,0,0,0,0,0,0,0,0,0,0,0,0,0,0,0,0,0,0,0,0,0,0,0,0,0.149491728,0,0,0,0.039864461,0,0,0,0.016817819,0,0,0,0,0,0,0,0.007474586,1.930311939,0,0,0,0,0,0,0,0,0,0,0,0,0,0,0,0,0,0,0,0,0,0,0,0,0,0,0,0,0,0,0,0,0,0,0,0,0,0,0,0,0,0,0,0,0,0,0,0,0,0,0,0,0,0,0,0,0,0,0,0.008097469,0,0,0,0,0,0,0,0,0,0,0,0,0,0,0,0,0,0,0,0,0,0,0,0,0,0,0,0,0,0,0,0,3.666284632,0,0,0,0,0,0,0,0,0,0,0,0,0,0,0,0.016194937,0,0.548136336,0,0,0,0,0,0,0,0,0,0,0.004983058,0,0,0,0,0,0,0,0,0,0,0,0,0,0,0,0.006228822,0,0,0,0,0,0,0,0,0,0,0,0,0,0,0,0,0,0,0,0,0,0,0,0,0,0,0,0,0,0,0,0,0.152606139,0,0,0,0,0,0,0,0,0,0,0,0,0,0,0,0,0,0,0,0,0,0,0,0,0,0,0,0,0,0,0,0,0,0,0,0,0,0,0,0,0,0,0,0,0,0,0,0,0,0,0,0,0,0,0,0,0.687661949,0.015572055,0,0,0,0,0,0,0,0,0,0,0.021177995,0,0,0,0,0,0,0,0,0,0,0,0,0,0,0,0,0,0,0,0,0,0,0,0,0,0,0,0.120839147,0,0,0,0,0,0,0,0,0,0,0,0,0,0.012457644,0,0,0.008720351,0,0,0,0,0,0,0,0,0,0,0,0,0,0,0,0,0,0,0,0,0,0,0,0,0,0,0.017440702,0,0,0,0,1.258222045,0,0,0,0,0,0,0,0,0,0,0,0,0,0,0,0,0,0,0,0,0,0,0,0,0,0,0,0,0,0,0,0.157589197,0,0,0,0,0,0,0,0,0,0,0,0,0
healthy_005,0,0,0.000533422,0.003940047,0.01053508,0,0,0,0,0,0,0,0.000290957,0,0,0.000400066,0,0,0,0.000424313,0,0,0,0,0,0,0.000133355,0,0,0,0.000121232,0,0,0,0,0,0,0,0,0,0,0,0,0,0.009213649,0,0,0,0,0,0,0,0,0,0,0,0,0,0,0,0,0,0,0,0,0,0,0,0,0,0,0,0,0,0.001309308,0.000169725,0,0,0,0,0,0.000897118,0,0,0,0,0,0,0,0.000497052,0.00037582,0.000315204,0,0,0,0,0,0,0,0,0,0.000290957,0,0,0,0,0,0.007564891,0,0,0,0.000193972,0,0.133185721,0.002448891,0,0,0.000315204,0.000860749,0,0,0.000400066,0.000557668,0,0,0,0,0,0.000872872,0,0,0,0,0,0,0,0,0,0,0,0,0,0,0,0,0,0,0,0,0,0,0.056785174,0,0,0.001188076,0,0,0.000703147,0,0,0,0,0,0,0,0,0,0,0.001648758,0.001818483,0,0,0.0006789,0.006704142,0,0,0,0,0,0,0,0,0,0.001212322,0,0.000363697,0.001794237,0,0.000315204,0,0,0,0,0,0,0,0,0,0,0,0,0,0,0,0,0,0,0,0,0.000169725,0,0,0,0,0,0,0,0.00143054,0.003491488,0,0.000460682,0,0,0.001660881,0,0,0,0,0,0,0,0,0,0.000121232,0,0,0,0,0,0,0,0,0.008777213,0,0,0,0,0.000145479,0,0.00180636,0,0.000193972,0,0,0,0,0,0,0,0.000254588,0,0,0,0,0,0,0.000460682,0,0,0,0,0,0,0,0,0,0,0,0,0.004643194,0,0,0,0,0,0,0,0.001260815,0.000945611,0,0,0,0,0,0,0,0,0,0,0,0,0,0,0,0,0,0,0,0,0,0,0,0,0,0,0,0.000521299,0,0,0,0,0,0,0,0,0,0,0,0,0,0,0,0,0,0,0.000181848,0,0,0,0,0,0,0,0,0,0,0,0,0,0,0,0,0,0,0,0,0,0,0,0,0,0,0,0,0,0,0,0,0,0.000193972,0.000278834,0.003127791,0,0,0,0,0,0,0,0,0,0,0,0,0,0,0,0,0,0,0,0,0,0,0,0,0.000387943,0,0,0,0,0,0,0,0,0,0.001697251,0,0,0.012499042,0,0,0,0,0.000994104,0,0,0,0,0,0.000594038,0.000133355,0,0,0,0,0,0.000581915,0,0,0,0,0,0.000533422,0,0,0,0,0.002000332,0.002109441,0.000436436,0,0.000727393,0,0,0,0,0.000727393,0,0,0,0,0,0,0.039764169,0,0.0006789,0,0,0,0,0,0,0,0,0,0,0,0,0,0,0,0,0,0,0,0,0,0.000897118,0,0.000400066,0,0,0.000315204,0,0,0,0,0,0,0,0.000181848,0,0.000169725,0,0,0,0,0.002109441,0,0,0,0,0.006849621,0.002376152,0.00033945,0.000363697,0.00075164,0,0,0,0,0,0.000533422,0,0,0,0,0,0,0,0,0,0,0,0,0,0,0,0,0,0.001200199,0,0,0.00037582,0,0,0,0,0,0,0.000145479,0,0,0,0,0.001406294,0,0.00150328
healthy_006,0.406926498,0,0,0,0.00261665,0.001756894,1.455493022,0.003700691,0.37791906,0,0.001869036,0,0,0,1.178427139,0,0,0.000897137,0.001495229,0,0.000299046,0,0,0.00261665,0,0,0,0,0.000747614,0,0.000299046,0,0,0,0.002766173,0,0,0,0.020148207,0,0,0,0,0,0,0,0,0.003289503,0,0,0,0,0.013158013,0.151055482,0.000299046,0.001756894,0,0,0,0,0,0.000897137,0,0,0,0,0,0,0,0,0.003850214,0,0,0,0,0.362443443,0,0,0.008074235,0.262935971,0,0.073266208,0,0,0,0,0,0.000485949,0,0,0,0,0,0.027923396,0,0,0,0.003551168,0,0,0,0,0,0,0,0,0,1.864475459,0,0.00052333,0,0,0.001233564,0.000710234,0.000897137,0,0,0,0,0,0,0,0,0,0,0,0,0,0,0,0.202939919,0,0,0,0,0.000299046,0.006392103,0.002728792,0,0,0,0,0,0.002504508,0,0,0,0,0,0,0,0.024409609,0.000299046,0,0,0.001831655,0.00052333,0,0,0,0,0.002354985,0,0,0.000411188,0,0,0,0,0.926967048,0,0.000635472,0.000373807,7.928861503,0,0,0,0.008971372,0,0,0,0,0,0,0,12.28420111,13.63861667,0,0,0,0.000971899,0,0,0,0,0,0,0,0.057192499,0.001682132,0,0,0,0,0,0,0,0,0,0,0,0,0,0,0.06870576,0,0,0,0.001158802,0,0.056444884,0,0.005980915,0.007999474,0.014914907,0.050650873,0,0,0.00052333,0.583438249,0,0,0,0,0,0.198566375,0,0,0.002055939,0,0,0,0,0,0.000747614,0,0.006466864,0,0,0.000411188,0,0,0,0,0.110123596,0,0.000448569,0,0,0,0,0,0,0.000299046,0.007064956,0,0,0,0,0,0,0,0,0,0,0,0.006279961,0,0,0.356873716,0,0.006466864,0,0,0,0,0,0,0,0,0,0,0,0,0,0.038427378,0,7.148314728,0,0,0,0,0,0,0,0,0.003738072,0,0,0,0,0,0,0.374405273,0,0.000261665,0,0,0.000261665,0,0.020409872,0,0,0.001084041,0.002280224,0.005980915,0.000747614,0,0,0,0,0,0,0.003738072,0,0,0,0.002168082,0,0,0,0.000747614,0,0.00104666,0,0,0,0,0,0,0,0.000448569,0,0,0,0.005980915,0,0,0,0,0,0,0.000784995,0,0,0,0,0,0,0,0,0.000485949,0,0,0,0,0.005420204,0,0,0,0,0,0.012447779,0.009756367,0,0.00209332,0,0,0.000373807,0,0,0,0,0.00052333,0.00209332,0,0,0,0,0,0,0.001943797,0,0,0,0,0.002766173,0,0,0,0,0,0.714382904,0,2.548804266,0.106011717,0,0,0,0,0,0,0,0,0,0.164026591,0.000971899,0,0,0,0,0,0,0,0,0,0,0,0.001121422,0.000934518,0,0,0,0,0,0,0,0,0,0,0,0.348874242,0.021157486,0,6.244374202,0,0,0,0,0,0,0,0,0,0.001532609,0,0,0,0.568523342,0,0,0.096703918,0,0.038277855,0,0.002691412,0,0.64388287,0,0,0,0,0,0,0,0.00156999,0.036334058,0,0,0,0,0,0,0.000672853,0.00052333,0,0,0.000747614,0.004635209,0,0,0.000373807,0.277065883,50.59009202,0.001495229,0.002168082,0,0,0,0,0.029904575,0,0,0,0,0,0,0,0.000373807,0,0,0,0,0,0,0,0.000672853,0,0,0.070313131,0,0.00052333,0,0,0,1.916472038,0,0.002280224,0.000635472,0,0.002354985,0,0,0,0,0,0,0,0
healthy_007,0.008447961,0,0,0.000542115,0.004156216,0,2.114339306,0,0.150662826,0,0,0,0,0,0.186894186,0,0,0,0.058367728,0,0,0,0,0,0,0,0,0,0,0,0,0,0,0,0,0.001174583,0,0,0.003343043,0,0,0,0,0,0.001626345,0,0,0,0.000496939,0,0.153689635,0,0.003568925,0,0,0,0,0,0,0,0,0,0,0,0,0,0,0.000451763,0.000316234,0.001987755,0,0.005285622,0,0,0,0.273948839,0,0,0,0.343836513,0,0.685775622,0.00036141,0,0.002078108,0,0,0,0,0,0,0,0,0.058638785,0,0,0,0,0,0.001174583,0,0,0,0,0,0,0,0.104673394,0,0,0.00036141,0,0,0.001671522,0,0,0,0,0,0,0,0,0,0,0.000316234,0,0,0,0.000903525,0,0.002891281,0,0,0,0,0,0.021278018,0.000451763,0,0,0,0,0,0,0.010616421,0.016534511,2.046484564,0,0.00072282,0,0,0.026699169,0,0,0,0,0,0,0,0,0,0,0,0,0,0,0,0,0,0.239298648,0,0,0,0.127939167,0,0.001355288,0,0,0,0,0,0,0.003071986,0,0,0.016353806,4.887619536,0,0,0,0,0,0,0,0,0,0,0,0.011519946,0,0,0,0.005692209,0,0,0,0,0,0,0.000632468,0,0.00036141,0,0,0.002213637,0,0,0,0.000993878,0,0.007137849,0,0,0,0,0,0,0,0.00036141,0.152153643,0,0,0,0,0,0.011881356,0,0,0,0,0,0,0,0,0,0,0.46066232,0,0,0,0,0,0.000993878,0,0,0,0,0,0,0,0.000587291,0,0.000406586,0.004517626,0,0,0,0,0.000903525,0,0,0,0,0,0,0,0.000858349,0,0,1.146031356,0,0.00180705,0,0,0,0,0,0,0,0,0,0,0,0,0.002349166,0.00411104,0,4.964419178,0,0,0,0,0,0,0,0,0,0,0,0.125273768,0,0.002123284,0.00036141,0,0,0,0,0,0,0,0.000632468,0,0,0,0.000858349,0,0,0,0,0,0.00036141,0,0,0.989721497,0,0,0,0.01811568,0,0,0,0,0,0,0.00036141,0,0,0,0,0,0,0,0,0,0,0,0,0,0,0,0.026563641,0,0,0.00036141,0,0,0,0.010616421,0.005421151,0,0,0.002981633,0,0,0,0,0,0,0,0,0,0,0.005782561,0.009441838,0,0.000496939,0,0,0,0,0,0,0.00072282,0,0.00447245,0,0,0,0.001987755,0,0.00036141,0.000406586,0,0,0,0,0.000542115,0,0,0,0,0,0,0.000632468,0.141898632,0.012287943,0,0,0,0,0,0,0,0,0,0,0.000993878,0,0,0,0,0,0,0,0,0,0,0,0.000632468,0.000993878,0,0,0,0,0,0,0,0.000767996,0,0,0,0.003794806,0.156355035,0,0.493234403,0,0,0,0,0.000993878,0,0.000451763,0,0.003930335,0,0,0,0,0.011068184,0,0,0.091933688,0,0.058322551,0.026925051,0,0,0,0,0,0,0,0,0,0,0,0,0,0,0,0,0,0,0.00144564,0.00519527,0,0.001219759,0,0.009487015,0,0,0,0,4.775988999,0.002303989,0.005014565,0,0,0,0,0.032029968,0,0.00036141,0.000496939,0,0,0,0,0,0.000813173,0,0,0,1.426666281,0.000903525,0,0,0,0,0,0,0.005059741,0,0,0,0.016398982,0,0,0,0,0,0,0,0,0,0,0,0,0.003568925
healthy_008,0.000648975,0,0,0,0.017749459,0,0.224739956,0,0.026964901,0,0.007852594,0,0,0,0.003536912,0,0,0,0.003017733,0,0,0,0,0,0,0,0,0,0,0,0,0,0,0,0,0,0,0,0,0,0,0,0,0,0.027159593,0,0.000616526,0,0.000486731,0,0.00564608,0,0.010318699,0,0,0.001589988,0,0,0,0,0,0.000551629,0,0,0,0,0,0,0,0,0.007333415,0,0,0,0,0.218931632,0,0.00103836,0,0.009799519,0,0,0,0,0,0,0,0,0,0.000746321,0,0,0,0.005418939,0,0,0.000941013,0,0,0,0,0,0,0.00051918,0,0,0,0.003374669,0,0,0,0,0,0.002466104,0,0,0,0,0,0,0,0,0,0,0,0,0,0,0.008339326,0,0.000389385,0,0,0,0,0,0.002401207,0.000486731,0,0,0,0,0,0.001817129,0.000227141,0.006651991,0,0,0,0,0,0.028100607,0,0,0,0,0,0,0,0,0,0,0,0,0,0,0,0,0,0.281298105,0.000941013,0,0,1.948059955,0,0,0.000843667,0.000324487,0,0,0,0,0,0,0.00051918,0.181810276,4.070759015,0,0,0,0,0,0,0,0,0,0.000584077,0,0.013174187,0,0,0.001168155,0.00051918,0,0,0.002952835,0,0,0,0,0,0,0,0,0.039457665,0.024498797,0,0,0.01233052,0,0.009280339,0.000941013,0,0,0,0.017457421,0,0,0,0.010221352,0,0,0,0,0,0.120352367,0,0,0,0.000356936,0,0,0,0,0,0,0,0,0,0,0,0,0,0,0.045655374,0,0,0,0,0,0,0,0,0,0.000227141,0,0,0,0,0,0,0,0,0,0,0,0.000713872,0,0,0.000486731,0,0.004056092,0,0,0,0,0,0,0.00051918,0,0,0,0,0,0,0.001719783,0,0.715072828,0,0.000551629,0,0,0,0,0,0,0,0,0,0,0,0,0,0,0,0,0,0,0,0,0,0,0,0,0,0,0,0,0,0,0,0,0,0.001460193,0,0,0,0,0,0,0,0,0,0,0,0,0.000941013,0,0,0,0,0,0,0,0,0.001297949,0,0,0,0,0,0,0,0,0,0,0,0,0,0.000389385,0,0.001654886,0,0,0.000292039,0,0,0,0,0.001362847,0,0,0,0,0,0,0,0,0,0,0,0,0,0,0,0,0,0,0,0,0.005548734,0,0,0,0.00051918,0,0.005840773,0,0,0.018820268,0,0,0,0,1.847825805,0.015023765,0,0,0,0,0,0.000941013,0,0,0,0,0.001070808,0,0,0,0,0,0,0,0,0.002725694,0,0,0,0.005970568,0,0,0,0,0,0,0,0,0,0,0,0.000389385,0,0,0.309528507,0,0,0,0.000551629,0,0.005808324,0,0,0,0.00025959,0,0.000292039,0,0.251575062,0,0,0.259752144,0,0.013174187,0,0,0,0,0,0,0,0,0,0,0,0,0,0,0,0,0,0,0,0,0,0,0,0,0.001200603,0,0,0,0,7.585087079,0.000843667,0.015023765,0,0,0,0,0,0,0,0.00103836,0.00051918,0,0,0,0,0,0,0.003764054,0,0.013271534,0,0,0,0,0,0.108054296,0,0,0,0,0,0.964895658,0.003504464,0,0,0,0,0,0,0,0,0,0,0,0.003212425
healthy_009,0.078473983,0,0,0,0,0,28.38283231,0,0.118012797,0,0,0,0,0,0.430399614,0,0,0,0.105034408,0,0,0,0,0,0,0,0,0,0.005432814,0,0,0,0,0,0,0,0,0,0.024447664,0,0,0,0,0,0,0,0,0.004527345,0,0,21.14873838,0,0.052819027,16.6724013,0,0.024145841,0.004527345,0,0,0,0,0,0,0,0,0,0,0,0,0,0.017807558,0,0,0,0,1.334963178,0,0,0,2.014064952,0,0.275866232,0.376373295,0,0,0,0,0,0,0,0,0,0,2.654835205,0,0,0,0,0,0,0,0,0.003320053,0,0,0,0,0.063684655,0.00301823,0,0,0,0,0.008451044,0,0.010865628,0,0,0,0,0,0,0,0,0,0,0,0,0,0,0.017505735,0,0,0,0,0,0.1403477,0,0,0,0,0,0,0.041953399,0,0,0,0,0.122238319,0,0,0.053422673,0,0,0,0,0,0,0,0,0.002112761,0,0,0,0,0,0,0,0,16.82270916,0,0,0,120.4147048,0.004829168,0,0,0.070928408,0,0,0,0,0,0,0,20.98484848,189.9643849,0,0,0,0.009356513,0,0,0,0,0,0,0,0,0.009356513,0,0,0,0,0,0,0,0,0,0,0,0,0,0,0.115598213,0.00905469,0,0.002112761,0,0,0.86110105,0,0,0,0,0,0,0,0,1.218459495,0,0,0,0,0,0,0,0,0,0,0,0.005432814,0,0,0,0,0.204636001,0,0,0,0,0,0,0,0.002716407,0,0,0,0,0,0,0,0,0,0,0,0,0,0,0,0,0,0,0,0,0,0,0,0,15.38572981,0,0.038633345,0,0,0,0,0,0.008451044,0,0,0,0,0,0,0,0,0.002716407,249.9299771,0,0,0,0,0,0,0,0,0,0,0.00301823,0,0,0.012676566,0,0,0,0.002112761,0,0,0,0.003923699,0,0,0,0,0.012978389,0.025353133,0.004829168,0,0,0,0.009658336,0,0,0.208559701,0,0,0,3.937583001,0,0.004829168,0,0,0,0,0,0.00301823,0,0,0,0,0,0,0.002414584,0,0,0.005130991,0.024447664,0,0,0,1.886997465,0,0,0,0,0,0,0,0,0,0,0,0,0,0,0,0.047688036,0,0,0,0,0,0,0.387842569,0,0,0,0,0,0,0,0,0,0,0,0,0,0,0,0,0,0,0,0,0,0,0,0,0,0,0,0,0,0,27.47525051,0.506459012,0.014185682,0,0,0,0,0,0,0,0,19.21737293,0,0,0,0,0,0,0,0,0,0,0,0,0.013883859,0,0,0,0,0,0,0,0,0,0,0,0,2.147470723,0.002716407,0,6.226608717,0,0,0,0,0.00905469,0,0,0,0,0,0,0,0,0.385126162,0,0,0.078775806,0,0,0,0.025353133,0,0.017203912,0,0,0,0,0,0,0,0,0,0,0,0,0,0,0,0.00603646,0,0.00301823,0,0.002414584,0,0,0,0,4.543341784,148.0795002,0.007847398,0,0,0,0,0,0.038029699,0,0,0,0,0,0.002414584,0,0,0,0,0,0,0.02505131,0,0,0,0,0,0,0,0.004829168,0.00301823,0,0,5.611191597,0,0.057648195,0,0,0,0,0,0,0,0,0,0,0
healthy_010,0,0,0,0,0.007047743,0,0.012863094,0,0,0,0,0,0,0,0.005353204,0.000693221,0,0,0,0,0,0,0,0,0,0,0,0,0,0,0,0,0,0,0.001733052,0.000423635,0,0,0,0,0,0,0,0,0.005738326,0,0,0.000269586,0,0,0,0,0.006508571,0,0,0,0,0,0,0,0,0,0,0.000385123,0.000577684,0,0,0,0,0,0.001617515,0,0,0,0.000308098,0.044058021,0,0,0,0.001925613,0,0,0.003350566,0,0,0,0,0,0,0.000539172,0,0,0,0.015289366,0.000885782,0.003620152,0,0.001001319,0,0,0,0,0,0,0.003119493,0,0,0.128669448,0,0,0,0,0,0.002772882,0.003466103,0,0,0,0,0,0,0,0,0,0,0,0,0,0,0,0,0.001309417,0,0,0,0,0,0,0,0,0,0,0,0,0,0.130055889,0.001309417,0.000616196,0,0,0,0.064508029,0,0,0,0,0,0,0,0,0,0,0,0,0,0.000385123,0,0,0,0.256876748,0,0,0,0.99092035,0,0,0,0,0.000539172,0,0,0,0,0.000385123,0,0.163060892,2.690581751,0,0,0,0,0.000423635,0,0,0,0.000308098,0,0,0.000924294,0.000385123,0,0,0,0,0,0.001309417,0,0,0,0,0,0,0,0,0,0,0,0,0,0,0.049719323,0,0,0,0,0.001270904,0,0,0,0,0,0,0,0,0,0.033082028,0,0,0,0,0,0,0,0,0,0,0,0,0,0.002888419,0.000539172,0,0,0,0.010321285,0,0.000308098,0,0.000770245,0,0,0,0,0,0,0,0.000770245,0,0.000885782,0,0,0,0,0,0,0,0,0,0,0,0,0.00034661,0,0,0,0,0,0.000885782,0,0,0,0.000770245,0,0,0,0,0,0.197221264,0,0,0,0,0,0,0,0,0,0,0,0,0,0,0,0,0,0,0,0,0,0,0,0,0,0.000539172,0,0.000539172,0,0,0,0,0,0,0,0.001964125,0,0,0,0,0,0,0.000423635,0,0,0,0,0,0,0,0,0,0,0,0,0,0,0,0,0,0,0,0,0,0,0,0.000308098,0,0,0,0,0,0,0.001694539,0,0,0,0,0,0.000616196,0,0,0,0,0,0,0,0,0,0,0,0.000654708,0.000577684,0.00034661,0,0,0,0,0,0,0,0,0,0,0.000693221,0,0,0,0,0,0,4.851042296,0,0,1.039792404,0,0.993231086,0.037626474,0,0,0.00084727,0,0,0.000385123,0.00034661,0,0,0,0.00392825,0,0,0.158709008,0,0,0,0,0,0,0,0,0.001116855,0.004351885,0,0,0.000308098,0,0,0,0,0,0,0,0,0.011361116,0,0,0.135948264,0,0,0,0,0.000385123,0,0,0,0,0,0,0,0,0.102404089,0,0,0.000885782,0,0,0,0.000308098,0,0,0,0,0,0,0,0,0,0,0,0,0,0,0,0.001232392,0,0.000539172,0.002156686,0,0,0,0.003620152,0,0,0.000385123,0,1.389368153,0.005314691,0.005391716,0,0,0,0,0,0,0,0,0,0,0,0,0,0,0,0,0,0,0.003273542,0,0,0,0,0,0,0.000539172,0,0,0,0.294695784,0,0,0,0,0,0,0.000385123,0,0,0,0,0.000462147,0
healthy_011,0,0,0,0,0.0111756,0,0.002748098,0,0.100580398,0,0,0,0.002381685,0.003297718,0,0.004580164,0,0.003847338,0,0,0,0,0,0,0,0,0,0,0,0,0.006778643,0,0,0,0,0,0,0,0,0,0,0,0,0,0.017954242,0,0,0,0,0,0,0,0,0,0,0.002564892,0,0,0,0,0,0,0,0,0,0.001832066,0,0,0,0,0,0,0,0,0,0.023084026,0,0,0,0.034259626,0,0,0,0,0,0.003297718,0,0,0,0,0,0.002931305,0,0,0,0,0,0,0,0,0,0.004396957,0,0,0,0,0,0.438046872,0,0,0,0,0,0.082259743,0,0,0,0,0,0,0,0.001832066,0,0,0,0,0,0,0.007145056,0.007877882,0.011542013,0,0.002198479,0,0,0,0,0,0.03774055,0,0,0,0,0.013007665,0,0,0.002198479,0,0,0,0,0.090687244,0,0,0,0,0,0,0,0,0,0,0,0,0,0,0,0,0,0.310718316,0,0,0,0.641039734,0,0,0,0.002931305,0,0,0,0,0,0,0,0.024183265,0.4136804,0,0,0,0,0,0,0,0,0,0,0,0.001832066,0,0.007877882,0,0,0,0,0.002198479,0,0,0,0,0,0,0,0,0.008061088,0.003664131,0,0,0.006045816,0,0.012458046,0,0,0,0,0,0,0.021984787,0,0,0,0,0,0,0,0.011908426,0,0,0,0,0,0,0.031694734,0,0,0,0,0,0,0.002931305,0,0,0,0,0.009526741,0,0,0,0,0,0,0,0,0.022167993,0,0,0.008061088,0,0,0,0,0,0,0,0,0,0,0,0,6.859436603,0,0,0,0,0,0,0,0.00476337,0,0,0,0.017954242,0,0,0,0,0,5.786945434,0,0,0.001832066,0,0,0,0.001832066,0,0,0,0,0,0,0,0,0,0,0,0,0.004580164,0,0.003297718,0,0,0,0,0,0,0,0,0,0.101130018,0,0,0.001465652,0,0,0,0.001648859,0.012824459,0,0,0,0,0,0,0,0,0,0,0,0,0,0,0,0,0,0,0,0,0,0,0.017221416,0,0,0,0,0,0.132091926,0,0,0,0,0,0.002015272,0,0,0,0.001648859,0,0,0,0,0.001465652,0,0.002564892,0,0,0,0,0,0,0,0,0,0,0,0,0,0,0.002015272,0,0,0,0,0,0,0,0.064671914,0.004396957,0.005679403,0,0,0,0,0,0.821131777,0.009343534,0,0,0,0,0,0,0,0,0,0.006045816,0.013557285,0,0,0,0,0,0,0,0,0,0.001465652,0,0,0,0,0,0,0,0.002198479,0,0,0,0.008061088,0,0,0.002564892,0.002381685,0,0.816551613,0,0,0,0,0,0,0,0,0,0,0,0,0,0.128427795,0.012091633,0,0.005679403,0,0,0,0,0,0,0.001282446,0,0.001648859,0,0.002931305,0,0,0,0,0,0,0,0,0,0,0,0.023267232,0,0,0,0.103511703,0.002564892,0,0.001832066,0.001465652,4.498087324,0.025648918,0,0,0,0,0.004396957,0.050381802,0,0,0,0,0,0,0,0,0,0,0,0,0,0,0,0,0,0,0,0,0.001465652,0,0,0,0.101496431,0,0,0,0,0.001648859,0,0,0,0,0,0,0,0
healthy_012,0.005180589,0.001304204,0,0.000869469,0.035032373,0,0.250841936,0,1.979854393,0,0,0.000144912,0.02166428,0,0.001666483,0.000253595,0,0.000253595,0,0,0,0,0.000181139,0.001811395,0.000760786,0.000144912,0,0,0,0.000362279,0.000289823,0,0,0.000344165,0.000326051,0,0,0,0,0,0,0,0,0.000887583,0,0,0.000235481,0,0,0.000253595,0,0,0.011538584,0,0,0,0,0,0,0,0.000199253,0.000398507,0.000615874,0,0.000144912,0.00119552,0,0.000923811,0,0,0,0.000489077,0.000181139,0,0,0.069503214,0,0,0,0.091004469,0.000271709,0.007354262,0,0,0,0,0.001521572,0,0,0,0,0,0.000380393,0.00481831,0.000163026,0.000633988,0,0.001811395,0,0.003387308,0,0.000960039,0.000199253,0,0,0.000416621,0,0.05236742,0,0,0,0.002010648,0,0.005705893,0,0.000307937,0,0,0,0.000126798,0.002046876,0,0,0,0,0.000362279,0,0,0.025268956,0,0.451472012,0,0,0,0,0,0.016809743,0.000398507,0.086965059,0.000181139,0,0.000326051,0.000126798,0.002481611,0,0,0,0,0,0,0.002898231,0.091529774,0,0,0,0,0,0,0,0.000815128,0,0,0,0.019852886,0.000181139,0,0.000181139,0.003025029,0,0.70897988,0,0.000181139,0,1.406964595,0.002191788,0,0,0.001992534,0,0,0.000126798,0.000144912,0,0,0,0.086131817,2.414715915,0.000905697,0,0,0,0.003749587,0.000126798,0,0.000199253,0,0,0,0.007462946,0.001738939,0,0.000978153,0.000543418,0,0,0,0,0,0.000307937,0.000670216,0,0,0,0,0.003387308,0.028801176,0,0.000470963,0.006394223,0,0.018150175,0,0.000181139,0.000615874,0,0.000326051,0.064304511,0,0,0.008404871,0,0.000797014,0,0,0.000144912,0.041281685,0.000525304,0.000434735,0,0.000217367,0.002463497,0,0.00119552,0.000434735,0,0.000253595,0.005253045,0,0,0.015016462,0,0,0,0,0.000289823,0.000724558,0,0.026228995,0,0,0,0,0,0.010288722,0.002372927,0.000579646,0.000398507,0.000126798,0.000579646,0.000271709,0,0,0.005959489,0,0,0,0.003495992,0,0.000144912,2.898901715,0.000253595,0,0,0,0,0.000851356,0.000543418,0.000217367,0,0,0,0.01032495,0.000289823,0,0,0.000235481,0,7.006402193,0.000416621,0,0,0,0.000452849,0,0.000144912,0,0,0,0,0,0.000126798,0.000144912,0,0,0.000307937,0,0,0,0,0,0,0,0,0,0.000525304,0.004673398,0,0,0,0.162663243,0,0.000199253,0.00215556,0.016175755,0.000144912,0,0,0,0.002626522,0,0,0,0.000126798,0,0.000163026,0,0,0,0,0.000253595,0.000126798,0,0,0,0,0.025685577,0,0,0,0,0.001123065,0,0,0,0,0.000326051,0.227800996,0,0,0.000905697,0,0,0.002517839,0.000144912,0,0,0.001213634,0,0.000144912,0,0,0,0,0.010596659,0,0.000144912,0.000289823,0,0,0,0.000199253,0,0,0,0.00353222,0,0,0.000199253,0,0.000289823,0,0,0,0,0,0,0.070934216,0,0,0,0,0.000181139,0,0,0.10174604,0,0,0.001231748,0,0,0,0,0,0,0.000217367,0,0.008531669,0,0,0,0,0,0.000126798,0.00059776,0,0,0,0,0.000833242,0.001938192,0,0,0,0,0.000126798,0,0,0.000326051,0,0,0.001050609,0.002083104,0.000181139,0,0.394576105,0,0,0,0,0,0,0,0,0,0.00422055,0.000181139,0,0.000181139,0.587308499,0,0.000307937,0.008115048,0,0.007155009,0,0,0.000941925,0.002010648,0.000362279,0.000181139,0,0,0,0,0,0,0,0,0,0.000344165,0,0,0.000326051,0,0.001213634,0,0,0,0.006756502,0,0,0,0.001757053,6.790012984,0.012770333,0,0,0,0.000181139,0,0.019671746,0.000253595,0,0.000416621,0,0.000706444,0,0,0,0,0,0,0.128029376,0.000362279,0,0,0,0,0,0,0,0.020957837,0,0,0,0.170126189,0.000217367,0,0.002119332,0,0.007354262,0,0,0,0.00059776,0.000851356,0,0,0
healthy_013,0.021849674,0,0,0,0,0,0.007661574,0,0.01135048,0.003688906,0,0,0,0,0.006526526,0,0,0,0,0,0,0,0,0,0,0,0,0.003972668,0,0,0,0,0.003972668,0,0,0,0,0,0,0,0.00283762,0,0,0,0.008796622,0,0.009647908,0,0.00567524,0,0.110099657,0,0.00851286,0,0,0,0,0,0,0,0,0,0,0,0,0,0,0,0,0,0,0,0,0,0,0.039159156,0,0,0,0.022133436,0,0,0,0.002270096,0,0,0,0,0,0.007377812,0,0,0.003405144,0.013053052,0,0.015039386,0,0,0,0,0,0,0,0,0,0,0,0.006242764,0,0,0,0,0,0.002270096,0,0,0,0,0,0,0.006526526,0,0,0,0,0,0,0,0,0,0,0,0,0,0,0,0.00283762,0,0.146704956,0,0,0,0,0.003972668,0,0.002270096,0,0,0,0,0.001986334,0.597886541,0,0,0,0,0,0,0,0.730687158,0,0,0,0,0,0,0,0,0,0.595332683,0,0,0,0.263331139,0,0.005391478,0,0,0,0.005959002,0,0,0,0,0,0.020147102,0.759063358,0,0,0,0,0,0,0.00425643,0,0,0,0,0,0,0,0,0,0,0,0,0,0,0,0,0,0,0,0,0.00851286,0,0,0,0.005107716,0,0.00567524,0,0,0,0,0,0.063846451,0,0,0,0,0,0,0,0,0.003405144,0.00567524,0,0,0,1.916812331,0,0,0,0,0,0,0,0,0.002270096,0,0,0,0,0,0,0,0,0,0,0,0,0,0,0,0,0,0,0,0,0,0,0,0,0,0,0,0,0,0.015323148,0,0,0,0,0,0,0,0,0,0,0,0,0,0,0,0,0,2.626501101,0,0,0,0,0,0,0,0,0,0,0,0,0,0,0,0,0,0,0,0,0,0,0,0,0,0,0,0,0,0,0.003688906,0.057603687,0,0,0,0,0,0,0,0,0,0,0,0,0,0,0,0,0,0,0,0,0,0,0,0,0,0,0,0,0.016741958,0,0,0,0,0,0,0,0.01276929,0,0,0,0,0,0,0,0,0,0,0,0,0,0,0,0,0,0,0,0,0,0,0,0,0,0,0,0,0.00567524,0,0,0,0,0,0,0,0,0,0,6.488785726,0,0,0,0.002270096,0,0.054766067,0,0.067535357,0,0,0,0,0,0,0,0,0,0,0,0.00851286,0,0,0,0,0,0,0,0,0,0,0.001986334,0,0.008796622,0,0,0,0,0,0.004540192,0,0,0,0,0,0.004823954,0,0,0.274114095,0,0,0,0,0,0,0,0,0,0.010499194,0,0,0,0.009647908,0,0,0.007945336,0,0.018160768,0,0,0,0,0,0,0,0,0,0,0,0,0,0,0,0,0,0,0,0,0,0,0,0,0,0,0,0,0,0.570645388,0.015323148,0.302490295,0,0,0,0,0,0,0,0,0,0,0,0,0,0,0,0,0,0.003972668,0,0,0,0.005107716,0,0,0,0,0,0,0,0.02695739,0,0,0,0,0,0,0,0,0,0,0,0,0
healthy_014,0,0,0,0.004198027,0.00539115,0,0,0,0.009412418,0,0.000397708,0,0,0,0,0,0,0,0,0,0,0.001237313,0,0,0,0,0,0,0,0,0,0,0,0,0,0,0.000486087,0,0,0.000795416,0,0,0,0,0.020150528,0,0,0,0,0,0,0,0,0,0,0,0.002474626,0,0,0,0,0,0,0,0.000972175,0.001237313,0,0.006142376,0,0,0.002253677,0,0,0.005877237,0,0.048697109,0,0,0.001148934,0.00539115,0,0,0,0,0,0,0.002828144,0,0,0,0,0,0.001679211,0.001104744,0,0,0,0.001458262,0.000441898,0,0,0,0,0,0,0,0.000353518,0.10433201,0,0,0,0,0,0.005302771,0,0,0,0,0,0,0.000353518,0,0,0.000397708,0,0,0,0,0.000839605,0,0.021785549,0,0,0,0,0,0,0,0.121168306,0,0,0.000397708,0,0.005612099,0,0.058286286,0,0,0,0,0,0.053867311,0,0,0,0,0,0,0,0.000795416,0,0,0,0,0,0,0,0,0,0.004551545,0,0,0,0.951272842,0,0,0,0,0,0,0,0,0,0,0,0.04498517,0.001281503,0,0,0,0,0,0,0.004507355,0,0,0,0,0,0,0,0,0.000353518,0.001546641,0,0,0.000397708,0,0,0,0,0,0,0,0,0.000486087,0,0.000486087,0.007423879,0.006451704,0.013787203,0,0,0.000707036,0,0.003756129,0,0,0,0,0,0,0.000353518,0,0,0.054662726,0,0,0,0,0.000618657,0,0,0,0,0,0,0,0,0.0090589,0,0,0,0,0.059214271,0,0,0,0,0,0,0,0,0.000353518,0,0,0,0,0.005612099,0,0,0,0,0.000618657,0,0.000530277,0,0,0,1.382255516,0,0,0,0,0,0,0,0.001148934,0,0,0,0.019178353,0,0,0,0.002828144,0,0.152012755,0,0,0,0.004551545,0,0,0.000795416,0,0,0.003181662,0,0,0,0,0,0,0,0,0,0,0,0,0,0.000309328,0,0,0.000751226,0.001060554,0,0,0.001414072,0.269292363,0,0,0.003977078,0,0,0,0,0,0,0,0,0,0,0,0,0,0,0,0,0,0,0,0,0,0,0,0,0,0,0,0,0,0,0,0,0,0.033849352,0,0.000309328,0,0,0,0.003049093,0,0,0,0.000972175,0,0,0,0,0,0.00176759,0,0,0,0,0,0,0,0,0,0,0,0,0,0,0,0.002076918,0,0,0,0,0,0,0,0.078304245,0,0,0,0,0,0,0,0.449940079,0.005258581,0,0,0,0,0,0,0,0.000707036,0,0.058109527,0.020990133,0,0.000353518,0,0.001237313,0,0,0,0.002209488,0,0,0,0.000795416,0.002209488,0,0,0,0,0.003314232,0,0.001016364,0,0,0,0,0.001900159,0,0,2.482005932,0.000618657,0,0,0,0,0,0.000441898,0,0,0.112860633,0,0,0,0.734345338,0,0,0.00543534,0,0,0,0.000795416,0,0,0,0,0,0,0,0,0,0,0,0.009898505,0,0,0.000397708,0.000309328,0,0.002739765,0.001502452,0,0,0,0.046576001,0,0,0,0,18.69717115,0.010340403,0,0,0,0,0,0,0,0,0.000530277,0,0.000309328,0,0,0,0,0,0,0.199030654,0,0,0,0,0,0,0,0,0.008086725,0,0,0,1.04155251,0,0,0,0,0,0,0,0,0,0,0,0.042819872,0
healthy_015,0,0,0,0,0,0,0,0,0,0,0,0,0,0,0,0,0,0,0,0,0,0,0,0,0,0,0,0,0,0,0,0,0,0,0,0,0,0.002167693,0,0,0,0,0,0,0,0.002438654,0,0,0,0,0,0,0,0,0,0,0,0,0,0,0,0,0,0,0,0.002167693,0,0,0,0,0,0,0,0,0,0,0,0,0,0,0,0,0,0,0,0,0,0,0,0,0,0,0,0,0,0,0,0,0,0,0,0,0,0,0,0,0,0,0,0,0,0,0,0,0,0,0,0,0,0,0,0,0,0,0,0,0,0.004877309,0,0,0,0,0,0,0,0,0,0,0.045521547,0,0,0,0,0.002709616,0,0,0,0,0,0,0,0.052566548,0,0,0,0,0,0,0,0,0,0,0,0,0,0,0,0,0,0,0,0,0,0.018425388,0,0,0,0,0,0,0,0,0,0,0,0,0.082643284,0,0,0,0,0,0,0,0,0,0,0,0,0,0,0,0,0,0.0409152,0,0,0,0,0,0,0,0,0,0,0,0,0,0.002167693,0,0,0,0,0,0,0,0,0,0,0,0,0,0,0,0,0,0,0,0,0,0,0,0,0,0,0,0,0,0.002709616,0,0,0,0,0,0,0,0,0,0,0,0,0,0,0.007315963,0,0,0.009212694,0,0,0,0,0,0,0,0,0,0,0,0,0.002980577,0,0,0,0,0,0,0,0,0,0,0,0.07668213,0,0,0,0,0,0.066656551,0,0,0,0,0,0,0,0,0,0,0,0,0,0,0,0,0,0,0,0,0,0,0,0,0,0,0,0,0,0,0,0,0,0,0,0.006503078,0,0,0,0,0,0,0,0,0,0,0,0,0,0,0,0,0,0,0,0,0,0,0,0,0,0,0,0,0,0,0,0,0.135751756,0,0,0,0,0,0,0,0,0,0,0,0,0,0,0,0,0,0,0,0,0.003251539,0,0,0,0,0,0,0,0,0,0,0,0,0,0,0,0,0,0,0.06990809,0,0,0,0,0,0,0,0.026012312,0,0,0,0,0,0,0,0,0,0,0,0.007045001,0,0,0,0,0,0,0,0,0,0,0,0,0,0,0,0,0,0,0,0,0,0,0,0,0,0,0,0,0,0,0.024928466,0,0,0,0,0,0,0,0,0,0,0,0,0,0,0,0,0,0,0,0,0,0,0,0,0,0,0,0,0,0,0,0,0,0,0,0,0.007045001,0,0,0,0.002980577,0,0,0,0,0.194279459,0.015173849,0.236549467,0,0,0,0,0,0,0,0,0,0,0,0,0,0,0,0,0,0,0,0,0,0,0,0,0,0,0,0,0,0,0,0,0,0,0,0,0,0,0,0,0,0,0
healthy_016,0.004688892,0,0,0,0.006447227,0,0.050991701,0,0.030477798,0,0,0,0,0,0.022272237,0,0,0,0,0,0,0,0,0,0,0,0,0,0,0,0,0,0,0,0,0,0,0,0,0,0,0,0,0,0.008205561,0,0,0,0,0,0,0,0,0,0,0,0,0,0,0,0,0,0,0,0,0,0,0,0,0,0,0,0,0,0,0.005275004,0,0,0,0,0,0,0,0,0,0,0,0,0,0.00205139,0,0,0,0,0,0,0,0,0,0,0,0,0,0,0,0,0,0.002930558,0,0,0,0,0,0.014359732,0,0,0,0,0,0,0,0,0,0,0,0,0,0,0,0,0,0,0,0.034580579,0,0,0,0,0.016411122,0,0,0,0,0,0,0,0,0,0,0,0,0.104327847,0,0,0,0,0,0,0,0,0,0,0,0,0,0,0,0,0,0.004981948,0,0,0,0,0,0,0,0,0,0,0,0,0,0,0,0,0.014652788,0,0,0,0,0,0,0,0,0,0,0,0,0,0,0,0,0,0,0,0,0,0,0,0,0,0,0,0,0,0,0,0,0,0,0,0,0,0,0,0,0,0,0,0,0,0,0,0,0.022272237,0,0,0,0,0,0,0,0,0,0,0,0,0,0.021100014,0,0,0,0,0.011136119,0,0,0,0,0,0,0,0,0,0,0,0,0,0,0,0,0,0,0,0,0,0,0,0,0.053922258,0,0,0,0,0,0,0,0,0,0,0,0.074729216,0,0,0,0,0,0.004102781,0,0,0,0,0,0,0,0,0,0,0,0,0,0,0,0,0,0,0,0,0,0,0,0,0,0,0,0,0,0,0,0.011136119,0,0,0,0,0,0,0,0,0,0,0,0,0,0,0,0,0,0,0,0,0,0,0,0,0,0,0,0,0,0,0,0,0,0,0,0,0.041320861,0,0,0,0,0,0,0,0,0,0,0,0,0,0,0,0,0,0,0,0,0,0,0,0,0,0,0,0,0,0,0,0,0,0,0,0,0,0,0,0.01934168,0,0,0,0,0,0,0,0.02549585,0.002344446,0,0,0,0.02139307,0,0,0,0,0,0,0.020806958,0,0,0.007912505,0,0,0,0,0,0,0,0,0,0.003809725,0,0,0,0.025202795,0,0,0,0,0,0,0,0,0,0.004688892,0.065058377,0,0,0,0,0,0,0,0,0,0.05655976,0,0,0,0.03721808,0,0,0.002930558,0,0.009377784,0,0,0,0,0,0,0,0.003516669,0,0,0,0,0,0,0,0,0,0,0,0,0,0,0,0,0.024616683,0,0,0.012308342,0,0.104034792,0.016997234,0.174954283,0,0,0,0,0,0,0,0,0,0,0,0,0,0,0,0,0,0,0,0,0,0,0,0,0,0,0,0,0,0.009377784,0,0,0,0,0,0,0,0.002344446,0,0,0,0,0
healthy_017,0,0,0,0,0.007058856,0,0,0,0,0,0,0,0.001439184,0,0,0,0,0,0,0,0,0,0,0,0,0,0,0,0,0,0.000685326,0,0,0,0,0,0,0,0,0,0,0,0,0,0.695674224,0,0,0,0,0,0,0,0,0,0,0,0,0,0,0.000685326,0,0,0,0,0.000959456,0.002878368,0,0.000685326,0,0,0,0,0,0.00185038,0,0,0,0,0,0,0,0,0,0,0,0,0.001918912,0,0,0,0,0,0,0.000548261,0,0,0,0.000548261,0,0,0.190589106,0,0,0,0,0,0,0.004865813,0,0,0,0,0.001027989,0.057704433,0,0,0,0,0,0,0,0,0,0,0,0,0,0.000890924,0.004934346,0,0,0,0,0,0,0,0,0,0,0,0,0,0,0.011856136,0,0.000822391,0,0,0,0,0.000548261,0.109926259,0,0,0,0,0,0,0.000890924,0.001233586,0,0,0.000959456,0,0,0,0,0,0,0,0,0,0.003015434,0,0,0,0,0,0,0,0,0,0,0,0,0,0,0,0,0.001370652,0,0,0.000685326,0,0,0,0,0.865977686,0,0,0.001576249,0,0,0,0,0,0,0,0,0.000822391,0,0,0,0,0,0,0,0,0.013295321,0.000548261,0,0,0,0.014117712,0.000548261,0,0.03426629,0,0,0,0.000959456,0.000685326,0,0,0,0,0,0,0,0,0.001644782,0,0.010005757,0,0,0,0,0,0,0,0,0,0,0,0,0,0,0,0,0,0,0,0,0.00185038,0,0,0,0,0.000890924,0,0.001165054,0,0,0,0.002055977,0,0,0,0,0.036870528,0,0,0,0,0,0,0,0,0,0,0,0.016927547,0,0,0,0.000685326,0,0.001370652,0,0,0,0,0,0,0,0,0,0,0,0,0,0,0,0,0,0,0,0.000616793,0,0,0,0,0,0,0,0,0,0,0,0.318402368,0,0,0.00849804,0,0,0,0,0,0,0,0.000548261,0,0.000753858,0,0,0,0,0.000616793,0.001370652,0,0,0,0,0.006784725,0.018024069,0,0,0,0,0,0,0.006167932,0,0,0,0,0.219304257,0,0,0.001165054,0.000959456,0.000753858,0,0,0,0,0,0,0,0,0.003495162,0,0,0,0.000959456,0,0,0,0,0,0,0,0,0,0,0,0,0,0,0,0,0,0,0,0,0.000959456,0.080799912,0,0.001576249,0,0,0,0,0,0,0,0,0,0,0,0,0,0,0,0,0,0.009594561,0,0,0,0,0,0,0,0.000548261,0,0,0,0,0.15591162,0,0.045025905,0,0,0.000959456,0.034883083,0,0,0,0,0,0.000548261,0,0,0,0,0,0,0,0,0,0,0,0,0,0,0,0,0,0,0,0,0,0,0,0,0,0,0,0,0,0,0,0,0,0,0,0,0,0,0,0,0,0.000959456,0.001439184,0,0,0,0.005277009,0,0,0.000685326,0,0.004797281,0.007949779,0,0,0,0,0,0,0,0,0,0.052495957,0,0,0,0,0,0.001165054,0,0.007470051,0,0,0.000822391,0,0,0.000959456,0,0,0.024054936,0,0,0,0.001644782,0,0,0,0,0,0,0,0,0,0,0,0,0
