"","total_genusmass","simpson","shannon","richness","Bacteria","Eukaryota","Viruses"
"sample_1",1.31905273257651,0.0709819051381997,0.255502756412294,37,20.570110707639,0.110114679194614,0.00852442118425785
"sample_2",-1.75103340212688,0.607828362578343,1.55346075112337,3,0.00594428486846105,0.000849270368762244,8.56317925890332e-05
"sample_3",2.64938022462256,0.236760213589321,0.502923151685292,20,430.115170534211,2.09197901899901,13.7434554973822
"sample_4",1.65995821527351,0.194312529064625,0.399883348167613,17,45.0143291080156,0.0118386994048682,0
"sample_5",1.52212520253248,0.272531018919672,0.577859316341675,27,33.2163150619318,0.0533438126673285,0
"sample_6",1.47210764123756,0.199846565852357,0.53934578166555,27,29.6520174552603,0.003645777499027,0
"sample_7",1.53440475075784,0.105828641337319,0.376729957720872,96,33.2143576079421,0.979761472349192,0
"sample_8",1.73692138516935,0.290058201465454,0.546638434010123,22,45.3800301999585,8.03474263381685,1.12066905615293
"sample_9",1.55623855901912,0.035988604010901,0.122652985841456,18,35.4444513636255,0.539911713426026,0
"sample_10",0.797025307627259,0.793732343744618,2.06773030499188,46,6.12849584882026,0.0471497620074672,0.0358212351305079
"sample_11",0.00932722955223283,0.562840696576135,1.0489210724811,12,0.981772304073557,0.0352391699487863,5.96020490389766e-05
"sample_12",1.42184165209613,0.0787013249167352,0.205138412860645,16,25.3885439586725,0.151393271086371,0.879524007051747
"sample_13",1.47852688276903,0.628488218938116,1.16731646022091,24,30.032445041486,0.0433857256434833,0.00209611035897739
"sample_14",1.30123987314075,0.349799610906572,0.880110343493514,29,19.8402424935448,0.0455553906072583,0.000257505778429668
"sample_15",-0.69242179706278,0.611466772878522,1.63852068511255,8,0.175094445132645,0.0169261236243074,0.00170407521927316
"sample_16",-1.90243424167535,0.886666620977404,3.43355599005597,1,0.00608963805832354,0.00584514411895174,0.000400296382709483
"sample_17",-0.257620534577401,0.651919032986387,1.62950881660508,11,0.495858924146831,0.0362363451683812,0
"sample_18",1.5545461533481,0.625134495413439,1.15645939885943,96,18.3278183361458,0.169504758617338,6.24955478622615
"sample_19",1.49369710127894,0.232077831616913,0.507011572676561,10,30.33678660105,0.167342507039524,0
"sample_20",1.50636605659519,0.440144951085445,0.961524531397712,19,26.9084050700311,0.0832165381920112,5.06306937631394
"sample_21",1.42463876648059,0.281751472554051,0.516024562789826,28,26.5083620317495,0.0623074054941932,0.0077857365306758
"sample_22",1.30232124439235,0.128718446893535,0.346702247055123,42,19.952382448146,0.0503992015468657,0.0526335695015254
"sample_23",2.42140361136139,0.580984768439337,1.19482930422566,58,238.615169487568,6.2872073865519,16.8124507054597
"sample_24",2.52844392884579,0.0279363529148562,0.0952362249457188,6,337.222418533335,0,0
"sample_25",0.690071040961258,0.0357462189931449,0.129502855979442,14,0.0630182791029907,4.83341427190361,0
"sample_26",2.00620058253763,0.544976263025207,0.875078500287839,4,0.927773652820373,0,52.5510204081632
"sample_27",1.35862083261336,0.822341107025812,2.13739061059033,38,22.1054827767275,0.102487160915474,0.000437355286853615
"sample_28",2.36448944201982,0.838408248021104,2.19324003528804,23,158.850665992033,4.13135593220339,0.423728813559322
"sample_29",1.64981484415091,0.484031471754226,0.78297567464501,55,44.6331687215818,0.0130374529727192,0.000518293694231598
"sample_30",1.52811216473816,0.0695967055720756,0.211372143628066,32,33.6577947942399,0.0796482773135847,0
"sample_31",0.0101391838881003,0.0872328280709062,0.267276814626034,6,1.02160500916357,0.00191558031228669,0
"sample_32",1.42238047524588,0.605776280439349,1.44032060228693,62,26.2976405359852,0.121198922498731,0.0123567021157863
"sample_33",1.65328313384075,0.575826101017019,1.07220244660603,61,40.7784698997264,4.18529890653075,0.0292331017807419
"sample_34",0.330872811391032,0.709973500495248,1.40776035266152,8,1.33381487785776,0.807430301983844,3.85388978877215e-05
"sample_35",1.33916835757161,0.133716009842021,0.293714721862685,17,21.7614285565319,0.0555288738722306,0.0188048474717927
"sample_36",1.36494601113981,0.551594267153473,1.39869694475904,27,22.895388455337,0,0.10239445494644
"sample_37",1.03833816637527,0.0778106361540049,0.251118032435582,20,10.7143019280574,0.180424592175249,0.0281787288449245
"sample_38",1.23712739149535,0.332652501025922,0.55596828546674,7,17.2593428520187,0.00409920654659129,0
"sample_39",0.584254326957033,0.58220009339216,1.00358173261825,10,1.76312426599227,0.010762800194279,2.05845888179102
"sample_40",-0.899548003931763,0.766850967964786,1.77553189022543,6,0.120605585061448,0.00432335444688659,0
"sample_41",1.20372001583351,0.773784281938106,1.99355981090383,36,15.8430332838059,0.0557606467515174,0
"sample_42",-0.136613695028197,0.591318080021041,1.15975055834846,9,0.719641183488992,0.00740657453958769,0
"sample_43",0.66618498461118,0.85530814612778,2.38941792089155,44,4.47108276694484,0.159779709290657,0
"sample_44",0.886295411251827,0.666214262939206,1.32904337818379,19,3.80652589785601,3.80571733963386,0.00205847024178549
"sample_45",1.0379350513297,0.0312423563748861,0.117538822035282,17,10.7818636003767,0.130907638878531,0
"sample_46",1.54556554839167,0.28465325800657,0.805282791259369,98,4.99845225411599,0.484073385213539,29.6231006893424
"sample_47",-0.722713483811777,0.897327257643022,2.82022994152247,31,0.108961054036978,0.0757832088011639,0.0002885648985576
"sample_48",3.38414913865604,0.746429429591306,1.87883666037348,20,2361.03314817513,0,0
"sample_49",-2.40473400036159,0.844397676231412,2.89153221791714,1,0.00329156877577971,0.000591425113160747,1.68978603760213e-05
"sample_50",2.31264788625937,0.151461554861997,0.312269128564416,11,189.614349873591,0.0898985639656101,15.7181928924497
"sample_51",-0.698767714646675,0.511058151394723,0.842353237245491,2,0.0866639579753723,0.00071952207221302,6.42174144784583e-05
"sample_52",3.76499675086698,0.0626573512411869,0.171096284969467,20,5661.37658803654,0.274086378737541,11.2375415282392
"sample_53",-1.31839486175197,0.869286075883168,2.82045430958409,8,0.0323338424143521,0.0146092441410727,0
"sample_54",-1.89500828456498,0.921529879520933,3.10890186390083,4,0.00916840006718442,0.00194996990664144,0
"sample_55",1.43881761527066,0.782250068717437,1.88979788477154,34,26.9651243980372,0.0156266578793996,0
"sample_56",1.30139380783441,0.782647829158723,1.87659723621933,31,19.3069879045656,0.00327478858181606,0.00519659867683846
"sample_57",-0.939167224782594,0.792497008429512,2.1335515243157,14,0.0601865252803565,0.0339352775078384,0
"sample_58",3.45308654253025,0.443516583474944,0.791045651224783,14,2009.88928356057,0.334448160535117,158.653846153847
"sample_59",0.71832822015155,0.825936942934043,2.28998408447687,69,5.14291660473041,0.0333256599362613,0.0370788633820518
"sample_60",-1.23356462152349,0.215783487320862,0.673810010520114,4,0.0548652123953593,0.0032392034312882,3.54287875297146e-05
"sample_61",-0.458951682677966,0.401553969829086,0.851009551734991,10,0.0220918475967036,0.0586147900662151,0.00473506371501735
"sample_62",2.64441219558765,0.538811803495088,0.881416898192119,15,178.795456644895,0,20.9127040962475
"sample_63",-0.432733344684778,0.133114375700925,0.352581632792799,4,0.00206209002542481,0.00491883342468231,0.0188227958536862
"sample_64",2.40892269450069,0.00757545409967231,0.0284008663880753,13,0.966267209028709,0,255.433156048648
"sample_65",1.14383341709352,0.889893026527387,2.48949199443817,42,13.6938472356392,0.00900757329046652,0.0802020467978077
"sample_66",0.950161142626711,0.815628690400238,2.15658290171353,62,8.86294720353615,0.0366740114030701,0.0154736164523743
"sample_67",-0.833525343766895,0.824916090370507,2.49617256329864,13,0.131105368142965,0.000337027150907277,0.0122926218725654
"sample_68",-0.194818005715318,0.199626121675661,0.731264377439907,11,0.0403228414100055,0.00758115241438832,0.585832377779199
"sample_69",-2.01165633408898,0.704132375679549,1.79809036280714,1,0.00350998464900474,0.0011561063760156,0
"sample_70",-1.85008797102252,0.870918222538853,2.93164709325197,3,0.0062411105725335,0.0030069307628579,0.000219901044529962
"sample_71",3.0853563100251,0.216921759693386,0.401782020422268,20,3.49448934466904,0.322094741267187,1068.97362200494
"sample_72",-0.34731150235367,0.909762282987035,2.97066600579043,37,0.256128746949537,0.191551247829399,0
"sample_73",-0.14635031897894,0.684564323106185,2.02545714891642,40,0.584334771000839,0.0567684511507816,0
"sample_74",-1.0397830697051,0.860260618887548,2.97122218532589,20,0.0685608653007745,0.0186131626436996,0
"sample_75",1.58295809940471,0.524102066631745,1.11745837919786,59,30.756335437839,0.184424878441451,7.33457588767695
"sample_76",0.200979554891752,0.877109956500343,2.45003147108474,32,1.41333581044951,0.0535548883262752,0.0592972181551977
"sample_77",-0.114898765344914,0.571710491672961,1.71299637123721,24,0.719934511474648,0.0168548594361875,0.000113954400007293
"sample_78",0.618586997896603,0.737804183028479,2.14184840025904,45,4.12104311858608,0.0063379750889637,9.07499484994042e-05
"sample_79",1.63541976004933,0.496614512506488,0.74343910980253,27,0.00441205785864823,25.2157340815409,17.9636228178181
"sample_80",1.12349597835024,0.269899085824971,0.804071730793712,85,11.8518947948669,1.40405826690301,0
"sample_81",0.14366538584417,0.793470396881249,2.12685665383489,24,1.2869218292786,0.104193421542983,0.000138748243233782
"sample_82",2.35741775766071,0.0561560085228051,0.145629297313058,47,6.4181494805366,0.0773094905133477,221.164462729756
"sample_83",0.0346521969294504,0.861521328143577,2.35627244583741,32,0.826797394570547,0.236162555888719,0
"sample_84",-0.0437506782856001,0.45862503061284,0.970268927804015,7,0.252215714168024,0.64766688066797,4.28080909004125e-05
"sample_85",1.10083483728461,0.494396943900498,1.01992043563777,33,9.27303076933474,0.0566522809987003,3.2703213610586
"sample_86",1.72722476497245,0.749029504889766,1.6956151355133,41,46.6787764572476,0.0447048838479008,0.449115658857302
"sample_87",0.119086799184398,0.0101185402508828,0.053601163342392,1,0.00291395318134659,0.00343652756211432,1.30899973736644
"sample_88",-0.416724029704934,0.754743724730276,2.55446427961144,35,0.369358086827225,0.00773038205764689,0.00272013897096205
"sample_89",0.050295245222155,0.854748108414617,2.61713645316669,52,1.02313164559941,0.0903994669387724,0.00177924626585422
"sample_90",0.62732491335343,0.699728530066061,1.9222083766757,53,1.95718657189613,0.11471369327161,2.16472295576662
"sample_91",0.00143954070496775,0.722661396072825,1.81501225207417,25,0.541314463917792,0.0115601618470107,0.0232342007434944
"sample_92",0.0496321703344555,0.833549265712677,2.58138166687253,47,1.05761528296181,0.0462557591435065,0.000627384479277575
"sample_93",0.915702608982451,0.20095779294164,0.566794220359838,19,8.21951807029249,0.0157791763766398,0.000173800052835216
"sample_94",2.3372881702335,0.788535632787579,1.92551484560797,13,210.59615055877,0,2.65151515151515
"sample_95",2.08665659333993,0.716747327345982,1.75274030755219,48,122.008332351489,0.0655496775838895,0.0032999627298327
"sample_96",-0.955111106822765,0.900533429676201,2.73086534417951,22,0.049170577936761,0.0238319594185507,0.00299667796842358
"sample_97",-1.53687736557023,0.83816647368746,2.12653388737719,8,0.0112446791296656,0.0145565430229809,0.00221760397394632
"sample_98",-0.607373408216607,0.865066438075737,2.89159021722117,24,0.189483766898866,0.0280347597715701,5.99979977811026e-05
"sample_99",2.78598793777022,0.503642636865468,0.988019485254279,7,545.770189391086,0,9.40265486725664
"sample_100",1.85707586153934,0.592428463637352,1.23594719998301,33,31.4029055945391,0.315668198908706,1.12598904443092
"sample_101",-0.242714392461508,0.397463672468103,1.20991731385152,14,0.546956484568047,0.0203472042949059,0.000177868256065782
"sample_102",0.259107803743358,0.756551266614537,1.96205530514298,38,0.665801812663841,0.0143512099449268,0.788426250560835
"sample_103",-1.77777663084624,0.874775106403847,2.55291428687478,5,0.0117492997170338,0.00491810145302798,1.36482549887102e-05
"sample_104",0.205165665251073,0.609228333100104,1.51400500135301,27,1.55754947115128,0.042252806407835,0
"sample_105",-1.07857599623023,0.938498434783502,3.48153954306639,16,0.0648396947827975,0.012505702477187,0.00355215283045604
"sample_106",1.755284143147,0.520825625006768,0.901655197030011,4,56.9225232487999,0,0
"sample_107",1.41243998276895,0.122253254442399,0.343034043555151,63,0.268023675068004,0.135601545830008,24.1940015661032
"sample_108",-0.367381047494897,0.713109470360894,1.73001438064468,14,0.407600332859718,0.0192293451738204,3.81040927606034e-05
"sample_109",-0.990468587298472,0.260217981440735,0.704926167842279,6,0.00403623242730134,0.00625725569406159,0.00419113045033231
"sample_110",1.12775028641153,0.270421092611531,0.481238328251166,4,2.00434669392704,0,11.3506493506494
"sample_111",-0.813964930461011,0.818612594404275,2.28253704124059,13,0.0768635899719847,0.0261665824701109,0.00242641538518631
"sample_112",0.901119904551432,0.471872516339656,0.937396364492918,77,5.63978633145718,0.0809954396454624,2.23813855245165
"sample_113",2.12300899317392,0.660141662010746,1.08850219214701,3,82.7421945099055,0,0
"sample_114",1.57143237720686,0.173815541116774,0.360029713621618,6,3.28653312386037,0.0725671911011463,33.7361584327087
"sample_115",1.98758481435769,0.594229007823084,1.27556783186272,24,86.0467216763778,0.783653356598654,10.1608806096528
"sample_116",2.55882513477759,0.561431621621239,1.19347609129906,10,132.632887796922,0,229.464285714286
"sample_117",-0.97430538539516,0.486139984190133,1.02122215595888,3,0.103461025373725,0.00243931972195275,0
"sample_118",-0.548240741214426,0.344181862128354,1.1958636307293,9,0.273978171523317,0.00825092680039077,0
"sample_119",-0.993508330254081,0.76365088687079,2.29258962721507,10,0.092006857222779,0.00872621039787342,0
"sample_120",-0.318378756904665,0.866445402592527,2.25106165562736,12,0.297532687764411,0.182887493879967,0
"sample_121",0.311071061654462,0.884226199233872,2.69945407341686,53,1.45003290412101,0.0402278159122733,0.119833807597367
"sample_122",1.03251378893835,0.0558446161512163,0.19022218227766,19,10.615870333815,0.151462492905223,0.00634118049687597
"sample_123",2.74784245379017,0.00308792724271589,0.0133734036239041,5,0.864826356097555,0,0
"sample_124",-0.830409920952862,0.838620103874578,2.66306583172179,10,0.0829188652911563,0.0188784198676868,0.0444347290469517
"sample_125",0.210284930172964,0.631697949463833,1.91273910025407,69,0.427753567603258,0.203583741979001,0.969540021159343
"sample_126",1.27677935381338,0.115327530202396,0.450160064690069,114,0.591141356513537,0.484549708761662,17.8071896347316
"sample_127",0.858452928763088,0.913248816461542,3.36217475194889,121,5.25079780175489,1.34987511810715,0.115481775532299
"sample_128",0.358741957191216,0.871368579225237,2.91752228917238,91,1.29723154938671,0.896995492540749,0.0143793627385976
"sample_129",-0.319105516594771,0.728196425423344,1.9654926778044,29,0.443800718050231,0.0282873230657354,0
"sample_130",0.0190129674066358,0.569827850239275,1.43365848257109,26,0.970212848450198,0.0114317430435047,0.0104057702734527
"sample_131",-2.88602653835972,0.897906183270732,2.29170698355716,0,0.000812109354577999,0.000487980776639386,0
"sample_132",-0.25976305879492,0.936395065996956,3.21633093110852,42,0.284716117848006,0.158647145331368,0.0344711361686481
"sample_133",0.805265185569378,0.109914044762963,0.420351123655038,59,6.22584409544867,0.132425470309911,0
"sample_134",2.01510782617793,0.484126997011772,1.05021880046368,16,31.5764768634238,0.17688679245283,0
"sample_135",1.65880304297373,0.661444368518897,1.39550781524879,19,44.6653032987744,0.370012960261649,0
"sample_136",0.962835645478417,0.430346415953406,0.887569443238118,25,9.14712755530675,0.0202577326958238,0.000190184574129192
"sample_137",3.81837890025814,0.0519870891027185,0.178588694385821,15,6513.27114533402,1.38873810225134,0
"sample_138",-0.597985805343162,0.552611022693253,1.86792137461115,24,0.20432837914267,0.0400366563924442,0.00433567623460426
"sample_139",0.335180389742079,0.470221162830055,1.44784263435847,47,0.332511821750819,0.235747421860331,0.0160607387939845
"sample_140",0.711960918411205,0.526248667637087,0.89879203766587,26,5.1048206655609,0.0305256164648006,0.00164441228704861
"sample_141",-2.27650200105885,0.527226998651843,0.969838518990432,2,0.00120425984215905,0.00341502895598817,0.000671226797268976
"sample_142",-0.626258401441644,0.968831964242077,4.01252733945065,43,0.119955983117336,0.0977125715216526,0.00025902901124926
"sample_143",1.84209517257456,0.0102711261964791,0.0387909656747089,9,69.283403802099,0.0013195629607474,0.0101166493657301
"sample_144",0.927838222543585,0.0941912966552574,0.301528080065579,19,8.33608258369719,0.0761945959044475,0.000171896916856899
"sample_145",3.41503874733523,0.524911207193298,0.867366469825276,6,2575.3915572452,0,25
"sample_146",1.24022745624179,0.161739663801936,0.346388815787371,25,17.3529134311364,0.0307542873683145,0.000719062342705113
"sample_147",0.796298259196628,0.538175469597707,1.23090470150657,29,6.14329294326898,0.0202746953479075,0.00305260040549469
"sample_148",2.37396617171642,0.744264014302399,1.70354834706177,36,235.945727353994,0.0639577026393211,0.250501002004008
"sample_149",-0.370508821013128,0.697115330023132,1.80451664781865,14,0.424513047743361,0.000894963058727667,7.64381260123274e-05
"sample_150",0.952673797192498,0.817837905640683,1.9940417380469,33,8.32656100115751,0.0032785680115023,0.0634564699094905
"sample_151",-1.0166541382113,0.657043674344777,1.48450656188631,9,0.0111085395654935,0.0336347971967704,0.0514945020907542
"sample_152",-1.16245693442046,0.567138061122614,1.44809307069612,5,0.0671320521626406,0.00150698626530667,0
"sample_153",0.0165255494160665,0.71438443472548,1.90246278761384,23,0.989080055081138,0.0324306770214353,0.000538943758999568
"sample_154",2.95840586458916,0.0963975211721679,0.269429500741018,15,870.509339179364,0,14.0509103169251
"sample_155",2.21576093529674,0.785525881343221,1.79127217897293,9,125.495328671265,0,14.8648648648649
"sample_156",1.39560947050946,0.28173635790349,0.682158619581937,31,3.85156718344177,0.0117360258918986,20.959558122429
"sample_157",2.51725758806671,0.20827375848152,0.371037620665166,22,329.007030388765,0.0338798969623468,0
"sample_158",1.68977353039245,0.022413284634984,0.0646681659899974,6,0.013057096933428,0.00370848122725655,48.4004816673037
"sample_159",-0.0865282783653851,0.745375458909005,2.16110857243424,50,0.275177886806674,0.516962874458669,0
"sample_160",-1.31034257916898,0.954636722337803,3.69832868308529,11,0.0280812154810565,0.0179454319089791,0.00273669602757005
"sample_161",-1.13236793087954,0.528554311625956,1.23724586392642,6,0.0540601002354771,0.0196678345831764,0
"sample_162",-0.796447289236004,0.787711291481333,2.16707241907599,10,0.142864030372023,0.0111503023364508,0.000138595807754007
"sample_163",-0.262140401298608,0.806340495748206,2.75959980232051,55,0.173571910749911,0.370962557394132,0
"sample_164",-0.141792765979594,0.933721611329647,3.38207400374151,43,0.503662407806707,0.110896155110024,0.0119554091228968
"sample_165",3.00393790400393,0.130174413279414,0.26953091054036,15,941.98342762297,0,0.13491130583458
"sample_166",0.0310420395444829,0.742535172346782,2.46321495984963,64,0.733482116320309,0.3365497883512,0
"sample_167",4.68817282925825,0.0844178470759066,0.19155777964029,4,46660.7217044761,0,0
"sample_168",-1.26033301122897,0.899217137677783,2.93461172007054,11,0.0371343046478306,0.0142912410178445,0
"sample_169",-0.817263500258646,0.914998820439518,2.8905196595364,22,0.0702052486630563,0.081652816936224,0
"sample_170",0.834335534108625,0.0243697183016415,0.0890090209654314,8,0.04132880768669,0.0424774501104015,0
"sample_171",0.191867763351003,0.286375206426144,0.921780001823337,34,1.52002073540567,0.033954943496588,0
"sample_172",-2.66438052017831,0.81560606206966,1.96007532530455,0,0.00181988111265932,0.00017296226240174,0
"sample_173",-0.941738256076737,0.439622993769024,1.08967545127098,6,0.020756665684711,0.00212250060262296,0.00698279493215238
"sample_174",1.21743761116094,0.320332684254042,0.840310570027388,60,0.848872579956176,0.251836538743422,1.8887909922704
"sample_175",2.20141310310487,0.449648911096819,1.12605889232301,41,158.916000198756,0.0103409026803516,0.0099162258127721
"sample_176",-0.478768200381171,0.323580031666818,0.877271982339892,8,0.31078778641556,0.0205186555483523,0
"sample_177",-0.381886047403039,0.602454970904223,1.20523215426717,11,0.401269887390548,0.0115494606807666,0
"sample_178",2.78440798459195,0.574105966120812,1.16019991908474,21,396.342526463981,117.727610553697,28.0033444816054
"sample_179",-0.750086299173071,0.614654983695448,1.32509055706786,6,0.00579094350106734,0.0284563200653832,0.0428381394719635
"sample_180",3.71221446909515,0.00946345539829252,0.0335211116075002,11,5131.4081245774,0.0946252838758516,20.2024981074943
"sample_181",-1.29267596085665,0.430036642218885,0.700014394843118,2,0.0363463705777601,0.000482495078550199,0
"sample_182",-0.93276972787541,0.775979598547917,2.24792035254785,9,0.0680596840335051,0.0114540989880256,0.000119917880235615
"sample_183",-2.2754747663663,0.70805025933231,1.61217124836949,2,0.00126910455608536,0.00403393948184274,0
"sample_184",-0.570769068688239,0.779260696388379,2.14865611727325,15,0.25197571315517,0.0160630606108739,0.000384848715969753
"sample_185",0.385563151713111,0.0904181710384984,0.274300699830643,14,0.097003179231338,0.005337180416106,2.31665976606976
"sample_186",0.086151338501399,0.464511016161111,0.980851187193722,12,0.967553257417512,0.0127970682057539,0.00434228257093667
"sample_187",0.0865574692333615,0.735069891469978,1.67014762960802,14,1.00866007039175,0.0238462106017911,0.185864594033578
"sample_188",0.475044709747698,0.787829864925758,2.38169315411916,60,2.78579054501184,0.12118782111366,0.0760963511329901
"sample_189",1.65374915515493,0.312850327159777,0.730097583477059,43,8.12222981199475e-05,45.0344043905051,7.1069510854954e-05
