"","Epithelial...Basal","Epithelial...Ciliated","Epithelial...Club","Epithelial...Deuterosomal","Epithelial...Duct","Epithelial...Goblet","Epithelial...Hillock","Epithelial...Secretory","Epithelial...Squamous","Epithelial...Transitional","Lymphoid...B.cell","Lymphoid...CD4.T.cell","Lymphoid...CD8.T.cell","Lymphoid...Naive.T.cell","Lymphoid...NK.NKT","Myeloid...Dendritic","Myeloid...Macrophage","Myeloid...Mast","Myeloid...Monocyte","Myeloid...Neutrophil"
"sample_1",0.0250759134668573,0.0343642673592746,0.178996139776706,0.101212326738513,0.0294110748955067,0.147901789954122,0,0,0.0306049514669264,0.0994031078418927,0.0428768898454815,0.0331823509409037,0.0363446804874082,0.0196513873052912,0.0422368378361249,0.0579446359265812,0.0238608935532166,0.00742192217896825,0.0326475965048951,0.0568632339213307
"sample_2",0,0.0266977682518181,0,0.0830984623468769,0.00857054014421323,0,0.0474546306150434,0.120481914800927,0.0166663449205496,0.00289535055186164,0.0238477641069483,0.0526049243048031,0.0698767681396158,0.00622961118146336,0.0743466316833418,0.0948245332093321,0.0174174780475193,0.0274685375904336,0.0534313290420311,0.274087411063222
"sample_3",0.0352820242760436,0.0497988039656919,0,0.108633416468727,0.00943979207629645,0.0210660542437111,0.0216830336118666,0.135434147400626,0,0,0.0608211665521062,0.113289486648088,0.0630112856864237,0,0.121513772780435,0.0982623917194941,0.0913537924629014,0.0574247200732354,0,0.012986112034354
"sample_4",0.044107534131083,0.0163550439915107,0.0134697673355558,0.0950808586453786,0.039799787876205,0.0698741989443096,0.0237991824515945,0.167131924191989,0.0546557633907423,0.0478207784164595,0.0384559922007058,0.0354985436987357,0.0642216246853493,0.0235395705135032,0.0550469224279234,0.0566489132348224,0.0608880520261695,0.0115052501061917,0.0282120984179456,0.0538881933138253
"sample_5",0.00461257782482694,0.0107290523946821,0,0.0570036099564859,0.0270789902705261,0.0814259262904746,0.133254424626874,0.0985146128710266,0.196582754239013,0.0260236673475446,0.0265369979633985,0.0473871243300288,0.0267374654716897,0.000875169466242034,0.0594107907108364,0.0549501400307475,0.0627219684778482,0.0278906529372506,0.0338603536970079,0.0244037210934958
"sample_6",0,0.00886735364210638,0.0295447284940983,0.0492266177405517,0.00710052623819591,0.225787679780319,0.0983966040807329,0.0795677306965797,0.0953162306672694,0.0882870446383425,0.028901720334666,0.0343552570810861,0.0232988870397446,0.0185887305191733,0.0380000119494933,0.0546009359201993,0.0442932687905637,0.0181786607110745,0.0276237528767237,0.0300642587990798
"sample_7",0.0246861866716303,0.0398186038926002,0,0.129353165650274,0.00620624858790409,0,0.0052316090033499,0.180783298179619,0.0840186458601452,0,0.0593051101138562,0.0862001545077766,0.0488343455649576,0,0.0851689032019003,0.0959761101099224,0.0657458658153646,0.0625682164552136,0.000461003187536811,0.0256425331979502
"sample_8",0.0121677785491064,0.123454969392416,0.0300240489363471,0.0934663636908763,0.00201867303568358,0.0348316400972954,0.0513086715514036,0.0888026143273935,0.0341304172022772,0.220209309186486,0.0419133668968536,0.0350065577638187,0.01854309995571,0.022690874368018,0.0522187918583485,0.0479949907753726,0.0407788299443176,0.0216402792809096,0.0155414394667534,0.0132572837206129
"sample_9",0.0285354473857469,0.146586523009826,0,0.0562380162596206,0.0527949707545842,0,0.049982924930825,0.185819749682433,0.0572768221909118,0.0640875565214796,0.0423193795817695,0.040426477111381,0.0294444980899558,0.0172684371991059,0.0579025103287113,0.064986447498855,0.0601889536825084,0.0235186807519431,0.00413711987593387,0.0184854851444089
"sample_10",0.0514470853970652,0.0974768312337416,0.076635091170187,0.111092269897488,0.00550489561810617,0,0,0.132082225136941,0.0124394759842541,0.216009335280631,0.0345247094702239,0.0425762772743031,0.00203529348814653,0.00904068734038658,0.0643845124998436,0.0567649210223919,0.0486653309651815,0.0244449433484181,0.00729579717592134,0.00758031769676906
"sample_11",0.0247481084809632,0.269973345985758,0.147741623925212,0.0485396883515437,0,0.0145390913735023,0.0259778235065695,0.0356212537801628,0.0345630995178554,0.0197702807107744,0.0298040841151268,0.0678365434133631,0.0311011061088668,0,0.0840869458443472,0.0774176194232708,0.0516045764270437,0.0155138192519968,0.0090024990169007,0.012158490766742
"sample_12",0.030241201972778,0.0220408720938136,0,0.108372174068989,0.00618816895980599,0,0.0299094165568987,0.103089327182258,0.13240545165248,0,0.0629839922319167,0.0508690785694334,0.0602267656270434,0.00354767584677469,0.0936602090471002,0.0867444258251489,0.0871940271828706,0.0352766624203908,0.0308707409425487,0.056379809819749
"sample_13",0.0515438443974886,0.051059086082218,0,0.0786402824227948,0.0229010765360727,0.0194361723140393,0.0197352246374216,0.100532619624758,0.0139236793102639,0,0.0496184014547803,0.0791499795559176,0.0517467161249251,0,0.112353745600604,0.0879652211852998,0.0957148270218396,0.0270302244949387,0,0.138648899236638
"sample_14",0.0457382648013884,0.206507010739681,0.0435820048215009,0.0912393197528428,0.0194535665932915,0,0.0136606669612012,0.0894216300058054,0.0476037803470405,0.137305072418972,0.0388112947677449,0.0414346527074564,0.0187059726736956,0.0215499806669519,0.0453964013654805,0.0492504915862031,0.0543022852470287,0.014846327538023,0.00378767337180693,0.0174036036338848
"sample_15",0.0509597284500031,0.154802019410983,0.0717209069856663,0.0689544085670409,0.0270487744857273,0.0635526123269931,0.116263054126151,0.00422431672425659,0.0483503110266682,0,0.0322558982666238,0.0481350543464042,0.0249751957639624,0.00490847378094974,0.0562110987594609,0.0653452684440145,0.106576278162317,0.0110220563278842,0.0269792773405144,0.0177152667043796
"sample_16",0.0597778952223218,0.0654986565414885,0,0.0923383005492177,0.0115840120278278,0.0182552621191252,0.0605829393246092,0.208085831602116,0.0384948180440873,0.11311842964697,0.0387999351063863,0.035174222223427,0.0338557233718935,0.0163580281789376,0.0458519435760858,0.0532332887545472,0.0506174082528259,0.0240651711186175,0.0189136981059146,0.015394436233602
"sample_17",0.0544305805776482,0.0633671889862719,0,0.0844627999460984,0.01917959160243,0,0.0171829916907941,0.0681310996899891,0.0203035863750216,0,0.0611225187234493,0.0817939082164391,0.0333230831059564,0.00122235441762381,0.0839013573359024,0.0759932503536844,0.0681817526524254,0.0322981096806726,0.0343990763952459,0.200706750250347
"sample_18",0.0171011638138816,0.0254562142987674,0,0.10863815045645,0.0288919621348892,0.218618925012963,0.0237119753196654,0.12349693144138,0.0467050804592898,0.0746518056352582,0.0299062846615833,0.0369206746540614,0.0302310830282493,0.0158911741847586,0.0428666924970858,0.0529269493875381,0.0617075066145721,0.0158470374717725,0.0232165442288018,0.0232138446990315
"sample_19",0.0497288622545558,0.0317187933684038,0,0.0493683217096681,0.0097871280495417,0.194697084183587,0.0229896153308838,0.162042533030398,0.031707964249605,0.09439928753431,0.0323661260759046,0.0381052588689843,0.0535117581574704,0.0171405337398956,0.0500275980050884,0.0498801867995427,0.0601344948169769,0.0184515544474538,0.0164436138525517,0.0174992855251778
"sample_20",0.0214155039030708,0,0,0.0400809247616543,0.028947413953748,0.245318944992978,0.0698540575679562,0.166847725461132,0.0719834303374266,0.0873057991536825,0.0224656051164392,0.0378148851189598,0.0207111442209582,0.0164778424668814,0.0300924466181622,0.040123091107636,0.0381838105421857,0.0188365829374519,0.0230466526469519,0.0204941390927255
"sample_21",0,0.012810872649117,0,0.0477573099880196,0.00168802864925363,0.164859564736491,0.239957012913652,0.102946951625987,0.0926063891665163,0.0108904176475273,0.0227713774972797,0.0296366780679284,0.0249410749130362,0.012793744115997,0.0415365639705913,0.0455404872200049,0.0360021108943333,0.0124498180722737,0.0272692590656956,0.0735423388062966
"sample_22",0,0.0243079101241211,0.00775701664732165,0.0615043067306939,0.00135577121061634,0.11779098454735,0.0788179356526318,0.100180369242601,0.146311661792702,0.0695807601354484,0.0409402928738806,0.0549713080843223,0.0239139499886807,0.00799285419854404,0.0495820958525207,0.0542942070341245,0.0663070084456648,0.0268392129216995,0.0248027594201093,0.0427495950969668
"sample_23",0.0233044201157618,0.0638432471915399,0.0469107927404244,0.10540223970004,0.106939621681526,0.0126132268535199,0.0174472988125217,0.102223577272918,0.0384621771687831,0.106479064816767,0.0340892597459047,0.0449661121735298,0.00564467681706349,0.00924748516533118,0.0636285666126031,0.0536978288405245,0.0526462595478365,0.0242447425741363,0.0392659740381988,0.0489434281310702
"sample_24",0.0237865117422826,0,0,0.0664700880374717,0.00861152977264579,0.188450187710836,0.0779126603140454,0.129169120242218,0.0979369472330274,0.0500330074924729,0.0263709217731088,0.0487654155812097,0.0263242482349195,0,0.0521125870424491,0.0645627801740632,0.0777018742187079,0.0194498255294787,0.010782732914069,0.0315595619869938
"sample_25",0.021159828115238,0.251881025708118,0.0332793416721813,0.0599666561461665,0,0,0.000995723330344473,0.161082861674722,0.0196388897087762,0.157222340326587,0.0367930003434765,0.0351808530251873,0.0174658918403815,0.0261619171928506,0.04818194224287,0.0457061798021572,0.0461965280510522,0.0220439909148415,0.00419693856724067,0.0128460913378098
"sample_26",0.053440476647652,0.0348484990027014,0.0259238786308687,0.0941993562866244,0.0459027919948331,0.223356465296957,0.00241015105929793,0.0761737657579728,0.0438244878065372,0.0445199045480663,0.0314717015451639,0.0480495571846673,0.0350043891490593,0.00587975435379537,0.0709414909615372,0.0597501223953012,0.0672725358358465,0.009087741018974,0,0.0279429305241448
"sample_27",0.0597354678532573,0.162682162650027,0.135896333999575,0.0465299050532078,0.00428412675170146,0.0159611214411836,0,0,0.021326308047755,0.268609069570003,0.0311742135546473,0.0423137290942905,0.020522608949162,0.00700363761668572,0.0498097469450097,0.0570158093945648,0.0493651339145014,0.0131023796299396,0,0.0146682455344894
"sample_28",0.0558835373029216,0.161032045549166,0.0590816462326108,0.0416927797172962,0,0.0429439531919045,0.0389033898985082,0.1103286211757,0.0290045987316366,0.155778579969986,0.04089459194869,0.0324411114032812,0.0280875075797545,0.0183259511355068,0.0483435841483692,0.0536602114731111,0.037290253824634,0.0180146592997369,0.0154934329779642,0.0127995444392217
"sample_29",0.0221580165937246,0.0689588507129345,0.0008560362017539,0.0377793386529162,0,0.148334229408096,0.0699243229852062,0.193437811172364,0.0656383668667645,0.117667175237605,0.0266386288300533,0.0398946987354549,0.0285736573124411,0,0.0518109295229383,0.0407952256220576,0.0359571772238336,0.0173178512945069,0.015686929528044,0.0185707540993065
"sample_30",0.0267784104098172,0.0186161727693195,0,0.0628711718371781,0,0.248829140626099,0.00380467753416872,0.156932771654494,0.0332741938789458,0.0958253626981295,0.043156190604323,0.0579887338386876,0.015973792608596,0,0.063862995573598,0.0548627369161727,0.0634611150198288,0.0239609358393714,0.0193750401309326,0.0104265580603385
"sample_31",0.053355137271132,0.0413517840831609,0,0.0467861830742392,0.0459521755745954,0.120273746434724,0.0591223026454499,0.132656660465463,0.0812096469602302,0.0360994015428012,0.0316784906060497,0.042912312880617,0.0260139841529311,0.0144523789108689,0.0542123998129868,0.0546444555218812,0.08389465396101,0.0179780664591413,0.0289733168219524,0.0284329028207661
"sample_32",0.00655978944868634,0.0173849545917287,0,0.0588087893133268,0.0108802748594505,0.023801112389083,0.0457841549968452,0.116651519536595,0.079991660275216,0,0.0310558323931084,0.0486242428142617,0.0405464267758333,0.018530065629984,0.0658096051560184,0.073148333088376,0.0238556660957593,0.0270960820169502,0.0633847904015041,0.248086700217273
"sample_33",0.0370015829686845,0.077783709893641,0.0369680886194677,0.16242799356963,0,0.151785355223038,0.0351156159236213,0.100914483973594,0.0431482607034329,0.0460460492704266,0.0272583068772964,0.0442701521829434,0.0236079737054762,0.011734808555352,0.0492388319159896,0.0515705857563189,0.050464249405573,0.015078011084417,0.023336201484223,0.012249738886875
"sample_34",0.00308349767180092,0.00623900319936792,0,0.0379250811621727,0.00985829996209697,0.120209228295071,0.129150268703813,0.074225782221908,0.0851881088795426,0.0433732915330533,0.0267952004116607,0.0312918255938601,0.029755321968634,0.0175762266328284,0.0421637644845929,0.0471033000466481,0.0906005995216998,0.0154026804478247,0.0460458374623794,0.144012681801045
"sample_35",0.0271849320517384,0.0104384986440083,0,0.0687007980254234,0.016164947566675,0.205071974932047,0.024867317621822,0.167706054580792,0.0609354415217139,0.109273885327616,0.0283026024155795,0.0398034542134978,0.00911707837697615,0.0106531712583664,0.0413864093323287,0.0508992480227512,0.0697396550924683,0.0227934112234718,0.0170241541382671,0.0199369656544562
"sample_36",0.0385667101757309,0.0181357539140641,0,0.0542086153988138,0,0.289182760713578,0.0255772048657487,0.0693373671103734,0.0758776634258054,0.070659961183022,0.0341681659635516,0.0396395404723632,0.0465575401270974,0.00219999524592849,0.078406945979976,0.0475938907419163,0.0634851378033549,0.00912635443108852,0.024165447520043,0.0131109449275448
"sample_37",0.0198175321561433,0.134889122488814,0,0.046355323738631,0,0.0327999053622671,0.0866540434213033,0.0773119980507437,0.0577942128644852,0.039778290392721,0.0408962082716062,0.0501425730879385,0.0383110801594447,0,0.0495704054204267,0.0430568244938056,0.0758537235329234,0.0215739656680653,0.0377592715558982,0.147435519334783
"sample_38",0.0184724697821859,0.0168592635825204,0,0.0513487340854744,0.0256804251475326,0.0941388271486681,0.0682202663989012,0.210298684000328,0.105130232231313,0,0.0193766196214316,0.0399759242459551,0.0308707781169084,0.0158862759719497,0.0380047601962374,0.0582280717552477,0.117168289560734,0.0229752658693707,0.0148002633469315,0.0525648489383111
"sample_39",0.00197739503653898,0,0,0.042866083518995,0.111608117839184,0.181746520381899,0.0223964635524304,0.0609557856951763,0.0915578635178982,0.102761634888938,0.0241595296529639,0.0235274405505881,0.035344025947063,0.0277135759692929,0.0342891392682983,0.0334624223406316,0.0323652745467287,0.0164395837786941,0.0578289803456813,0.0990001631689983
"sample_40",0.011217956845427,0.0376657935844869,0,0.078407161559141,0,0.0247044847991267,0.0388958212922166,0.185821400502174,0.0413028389826015,0.00425599411885888,0.0678487428737452,0.0532919701036724,0.00565978414468622,0.0140054600489574,0.137091219783106,0.0688366301512027,0.0787915543672469,0.0749951203557521,0,0.0772080664875987
"sample_41",0.058999298847639,0.115286548692879,0.0244788754573936,0.045904565160161,0,0.0980893410457282,0.0992003756810921,0.135088102976241,0.0599845679121116,0.0913531563555947,0.0321205390746097,0.0351186512250557,0.0188185271870867,0.00994885254404113,0.0411569121742557,0.0520483547964541,0.0277333019720448,0.0178344225443383,0.0146088999835096,0.0222267063697643
"sample_42",0.046560438398866,0.0565961855467457,0,0.0467054700712879,0,0.139110125453563,0.0418827822076985,0.127016423190826,0.161304143246149,0.0824859807369995,0.0326725818833034,0.0335646238790013,0.0201030629376641,0.0104827227177227,0.050442399129129,0.0383917871287614,0.0661338864935374,0.0148317632707816,0.0148365731911872,0.016879050516776
"sample_43",0.0299548529485698,0.0359927973840057,0,0.115119932232673,0.0398009366769318,0.0681273780849236,0.0198962837041708,0.22008043172852,0.0341831153816138,0.00397884471249955,0.0404345826463813,0.0611524059425297,0.0270631737679141,0.00072187916320415,0.0929024856291649,0.0932498716957542,0.0531815068251585,0.0298607016485714,0.00445161935173779,0.0298472004756759
"sample_44",0.00376470065890478,0.0506840845365949,0.00997998336169954,0.0766518107331834,0.0114940237696784,0.157970636826814,0.0930005531951748,0.080629741565766,0.0713662514958837,0.0290027080382609,0.0378461283688392,0.0513270510082426,0.0397219219386637,0,0.0826131953907165,0.0601332265151913,0.058563212328356,0.0155934354613794,0.0415060054675201,0.0281513293391312
"sample_45",0.0797441646741116,0.172612124388305,0.0365226482610894,0.121685209913298,0,0,0.0170283431019732,0.0767509625095067,0.0244450553071395,0.191540046403091,0.0385273617388616,0.035130753348007,0.0216868829463995,0.0177469692578278,0.0429866111062234,0.0468578541007023,0.0400275808981074,0.0162046386108409,0.00848387183965415,0.0120189215948618
"sample_46",0.0122502048070585,0.0282109395767766,0.00204564642597176,0.051967271427966,0.023516752031808,0.041138497190633,0.0724705799753607,0.0481179267830704,0.17020567190422,0.0302147866520396,0.0307542471883561,0.0368053871506469,0.0664635399213714,0.00521905298004848,0.0759661502754751,0.053460364863713,0.061479723475222,0.0117158899169428,0.0882753381387855,0.0897220293145339
"sample_47",0.0342027183643481,0.072341301630354,0.0286092758822206,0.117018573988289,0.0220315471423115,0.110417977717051,0.0350085823844983,0.0752398598883943,0.0614062799720751,0.141242767215374,0.0325075840994213,0.0402018617575774,0.0190785010915336,0.0178031174922616,0.0434683152926311,0.0518077734849426,0.0461647187912637,0.0157743839464078,0.0143747449588727,0.0213001149001728
"sample_48",0.0329836839237002,0.0463513498267473,0.0358837942674465,0.0410169823368607,0.0189900877515764,0.112321471275823,0.0169975271008184,0,0.0202720372957287,0,0.0185695563498507,0.045743559396595,0.0973334925361941,0.0117148092430951,0.0679467339371772,0.0692415204177713,0.0481991671276908,0.00432406270026931,0.128550923987632,0.183559240525023
"sample_49",0.0378755259081724,0.03076713516357,0,0.0637243287067153,0.0070494558743807,0.216166001455227,0.0157365924597964,0.195974131735437,0.0658342178893082,0.0609788977225095,0.0278569266658604,0.049722698357827,0.0299805549178198,0.00232954751560785,0.0546658383580417,0.047150213390698,0.0450102085319733,0.0175103871575572,0,0.0316673381894981
"sample_50",0.0466267573286101,0.0110742337421524,0.0360982482427273,0.0719999335937362,0.0283388677485793,0,0,0.0477453530481491,0.377261555816391,0.0439652866848792,0.0224555867238185,0.0567467931976537,0.0375026625209237,0,0.0614370686266295,0.0681002292545819,0.0334591041456667,0.0138554089832991,0.00793979104629523,0.0353931192959073
"sample_51",0.0485304814939644,0.142023078988289,0.00890260405804677,0.0829131863239914,0.00718877241975636,0.0432581555591985,0.0670714394157144,0.102098983620267,0.0485007586292058,0.0628710866281218,0.0369921746062385,0.0395643954619469,0.0347003766166191,0.0195543434014392,0.0566389893668006,0.0598004557448221,0.0565935541623094,0.021524913786573,0.0248525033752532,0.0364197463414422
"sample_52",0.0176211478958021,0,0,0.0745940308155331,0.0648309239673376,0.199490957991987,0.01387715329446,0.106849304536013,0.0404194367102775,0.0911378951746926,0.0262973481392028,0.040566059393722,0.0406253651905539,0.0102941596171791,0.0469170069981062,0.0614819226587318,0.0364221787409276,0.0186567193927174,0.0219696343190021,0.0879487551637543
"sample_53",0.0537453383031331,0.0547322675501472,0.0294015169522941,0.0807307674764434,0,0.105891078115843,0.0805628069929365,0.129193129857921,0.0401133875306029,0.0961028268777921,0.0380259819451615,0.0393735686641874,0.0284810749688718,0.0177390739951955,0.0481780023583381,0.0578886638923572,0.0359491743922719,0.0219012296584925,0.0186957596305321,0.0232943508374788
"sample_54",0.0497220708062984,0.0679229752524712,0.00617271862258267,0.0679477122568289,0.0214231049258138,0.100702198382023,0.0647494924868266,0.157130966908705,0.0390464273119062,0.0529088211118086,0.0383948953700102,0.0459312161471484,0.0371767310264186,0.0152649466607453,0.0546584028893361,0.0586921996694834,0.0491778491411764,0.0209210997613491,0.0227478645393989,0.0293083067296691
"sample_55",0.0412328594862811,0.111968904749688,0.0178066383146032,0.0836167502114394,0.00571232945607093,0.0917455778863333,0.00847589438664122,0.111741419896358,0.0330479431524922,0.1453346388814,0.040310108984463,0.0359860556784803,0.0364082279841458,0.0211986133439164,0.0475199530714998,0.0537566984087587,0.0552832063823494,0.0190720789406058,0.0203309809672527,0.0194511198172205
"sample_56",0.0179013747269104,0.0990607735497533,0.0274371270624058,0.0882798743272672,0,0.138986749255337,0.0106983499842023,0.0930312097073176,0.0509930296353632,0.116299951243194,0.0353620131253211,0.0393866402647542,0.0286593918945201,0.0134707095992959,0.0567646239296518,0.0505026772722933,0.0540792149851286,0.0189237699751901,0.0233054104184954,0.0368571090435981
"sample_57",0.0313827343938599,0.0548350634295636,0.00272412889921886,0.0894209888507517,0.011743589170762,0.0670723651559836,0.0529814927118453,0.0916198485732175,0.0522254351828515,0.130714964200983,0.0308204502554692,0.0467928541191529,0.0332050833059946,0.00801091213493696,0.0610100577668917,0.062310499552986,0.0468045290846025,0.0139383689521294,0.00884769123501432,0.103538943023786
"sample_58",0.0731633069613909,0.104858615460645,0.0300575529762247,0.0922196956725991,0.0118140467340609,0.017225266119562,0.0253704894178597,0.144339928201478,0.0239506151251634,0.024570643133755,0.0325833026908125,0.0374037654905606,0.0268381632692475,0.0178645662628486,0.0534625842529044,0.0633006494455908,0.0338555768046432,0.018236949301258,0.0609792924431742,0.107904990236221
"sample_59",0.0867993994262311,0.0770712963245532,0,0.0767440158030588,0.0220552406454729,0.0224137347594947,0.0197721522158555,0.283229188469917,0.0304386526794321,0.0734967417658792,0.0386061061723978,0.0366597383273461,0.0222425054186771,0.0176035015070635,0.0524611166035018,0.0545158404621658,0.0388420868355431,0.0246002242511381,0.00977071973622668,0.012677738596046
"sample_60",0.035128761045336,0.0418531988371051,0,0.0784057823135372,0.0101824832545829,0.00235839408125814,0.0367010491913414,0.121354187789247,0.0610441497668146,0,0.0386997875116797,0.0614054727200029,0.050679103503977,0,0.0832123899981723,0.0924205387985086,0.0510365396249689,0.0302678299155902,0.0378526887578823,0.167397642889996
"sample_61",0.026036285071618,0.0355107302062961,0,0.0593622717335855,0.0235315162871001,0.154031635727009,0.039934524690679,0.183341125255236,0.0627612090152022,0.0638543378057952,0.032311419410688,0.0349378953258976,0.0274464685047362,0.0170193367655846,0.0358989862562629,0.0515173146119933,0.0449471122479234,0.0206069575634967,0.0188520029855559,0.0680988705353404
"sample_62",0.0342141880630276,0.0446243208058228,0.0281330762832123,0.0979889608180135,0.02381510791611,0.0682231181267436,0.00546161333312974,0.0410482732917607,0.143092893552197,0.0848356328394678,0.0288085687602667,0.0371823273676175,0.0424619828752158,0.0244092487992131,0.0648787816455522,0.0621866847062646,0.0419129120826034,0.0090369258302392,0.0500124302436452,0.0676729526598972
"sample_63",0.0379594562561843,0.0402525372707299,0,0.0705719645694877,0.00667552113146743,0.115840722109103,0.0393258023218358,0.20302769867878,0.0441875364604363,0.134829335965842,0.0341207010346549,0.0424575263606328,0.0261070664812458,0.0139334117757917,0.0350081991761382,0.0497575873024474,0.0512121336463312,0.0265981165432903,0.00704672526887089,0.0210879576467307
"sample_64",0.0581759036218006,0.0914772766226531,0.0213664091528806,0.05031827998998,0.0176622178775159,0.0673037944026067,0.0468136262726454,0.105630361228736,0.0330733888560323,0.201230562437984,0.0328875159458281,0.0368040654666178,0.0296759672099007,0.0177533802247698,0.0411725767503241,0.0488716262794102,0.055396637412199,0.0178369240948288,0.0133968451234454,0.0131526410298418
"sample_65",0.065751088242776,0.126315598986062,0.0477821961331456,0.0923563287958192,0.00447251204999593,0.00828154386964788,0,0.146935794088686,0.0174316418470577,0.144785397773075,0.0416083446814638,0.0434786416028647,0.0356805745965721,0.0177125136366667,0.0508516672023101,0.0580818586825031,0.046135844985457,0.0222464769260991,0.0143104776419406,0.0157814982578585
"sample_66",0.00818638689604848,0.0298106821803714,0.0101889234958132,0.0911965746525296,0.0400234071954939,0.179858488119298,0.0413346043123308,0.0831117036382386,0.0432713518444336,0.11592993586144,0.0310002668613124,0.0388307692857905,0.0360721566407817,0.0184412323841675,0.0445313382228843,0.0534433794898187,0.0472088611374886,0.013751968023115,0.0185530057733914,0.0552549639852527
"sample_67",0.0148134710606799,0.0679531006711676,0.0101136249143487,0.100641179470633,0.0131182875436312,0.134393463382043,0.00956710670779109,0.121104265717367,0.0481849940173471,0.0940402267409412,0.0346460209385466,0.0345631398175148,0.0345171643431146,0.0253551112146859,0.0441299523691444,0.052579713320009,0.0498664036117573,0.0190766459139042,0.0288889643977972,0.0624471638475762
"sample_68",0.0180917790393349,0.0339037100017148,0.00991107319727321,0.0470687248692453,0.0249423313437228,0.0622336431458502,0.0160059351326073,0.0432348169792275,0.0519642684696347,0.0255723567447424,0.0274400551052426,0.0447472363831864,0.089810128153653,0.0188297221034633,0.0594584206545808,0.0699610469183293,0.0377444172645065,0.0152477368057964,0.0929708534340569,0.210861744253832
"sample_69",0.0310920707734437,0.00797356629837186,0,0.0550290769476785,0.0461703922598878,0.164092562705901,0.129637351546338,0.076213852114792,0.0444368442753691,0.128269915578251,0.0290715632213216,0.0340124115715707,0.0314422744494178,0.0192396850841505,0.0416862024331919,0.0478903666602235,0.0482398179995044,0.0159682874269881,0.0302668922946564,0.0192668663589416
"sample_70",0.0620190378776495,0.0557408890109906,0,0.0840284729407443,0.0205195644951397,0.0848016363510038,0,0.144991398758387,0.121586521602445,0.0723456890689827,0.0381278520171608,0.0522192082094546,0.0241762750454662,0.00623623019446798,0.0551058302479294,0.0693301559897547,0.0358068599739272,0.0242552961507767,0.00508910076857018,0.04361998129715
"sample_71",0,0.0945483444254493,0.0748866449458344,0.0612311434857281,0.0022946912987038,0.113187487915505,0.0859999510159764,0.0188303440906068,0.0299296396078641,0.175076818015147,0.0209843422883834,0.0400710056886248,0.0307454458857272,0.016800759458885,0.0553351652585383,0.0592008237490686,0.0696485558321114,0.017300135078372,0.0181495615222887,0.0157791404371857
"sample_72",0.0843480562456652,0.236913956931096,0.0111055539402898,0.0462730176267782,0.0240401307275527,0,0.0258200829550914,0.171749814843811,0.0265051583045241,0.0698671638585692,0.0400588406565578,0.0458098856999528,0.0154286186977871,0.0109926121891909,0.0504963380181525,0.0508860177738511,0.0335949568704671,0.0239930903592515,0.0119257069961028,0.0201909973053086
"sample_73",0.0170996347306451,0.00337380674106594,0,0.0551703838262291,0.0363814969301017,0.144194561588319,0.118697784751367,0.160441903387032,0.0988508089326323,0.042247786975868,0.0297158080262664,0.0397135178888101,0.0175236373378861,0.0189980998465723,0.0415398769798902,0.0544363306926551,0.0471134459521255,0.0177885155779658,0.023194844913801,0.0335177549207675
"sample_74",0.0356476923129268,0.0568618937384295,0,0.0891464228336793,0.0118928930964059,0.105222921116938,0.0187883378428866,0.202348344616137,0.03028145722161,0.0996076946737978,0.0370151238978786,0.0385359523335364,0.0437853073721989,0.0177165966288992,0.0461406527643099,0.052653931520716,0.0539857459942782,0.0249621516487673,0.0174357690715506,0.017971111315054
"sample_75",0.0203358243155916,0,0.0312382379324135,0.110252202820956,0.0187276770625716,0.143134166187905,0.0122346622189507,0.0878653474598044,0.02208120487424,0.157447690110532,0.0390166313574898,0.0459694145216918,0.0424507333652413,0.0228140397147919,0.0509989669952221,0.0484050123676398,0.102125509508089,0.0168635977016455,0.0108995064076735,0.01713957507755
"sample_76",0.0279136158394377,0.0334219814006008,0,0.0650353954858778,0.00615123839127176,0,0.0197891631210781,0.0901748039297842,0.02520182662383,0,0.037797336848609,0.0644631321124947,0.0777268516008387,0,0.0462930404465845,0.0787605594631512,0.00649671005130157,0.0474578511093212,0.0526725679300362,0.320643925645783
"sample_77",0.0855603145535647,0.221839227722629,0.0834635579865318,0.043618605053444,0.00485762838158919,0,0.0117281744964219,0.066144565494466,0.0141379366599234,0.177811912871953,0.0363571235079932,0.0445980069778953,0.0133817088973858,0.00893876665600474,0.0451404470112214,0.0546501712250613,0.0572881067636914,0.0135412492031534,0.00672432644524692,0.0102181700918238
"sample_78",0.00280574807293038,0.0150643272064782,0,0.0445900766746128,0.0127615996047229,0,0.0128846948746119,0.0560633516606546,0.00372194237337224,0,0.0375969993536376,0.0530163300528327,0.151756468409077,0.0587325164717638,0.0733113221957711,0.0599809466233201,0.262864282310777,0.0482982872446874,0.0650619797322224,0.0414891271385286
"sample_79",0.0426086260973678,0.0671149225475245,0.0896770327043746,0.100838771746687,0.0209471792733853,0.0728322085543381,0.0108074995992009,0.0195555401544938,0.0357686146504333,0.166243616888631,0.0276264660768049,0.0393718290056074,0.00395625034375337,0.0201658519055265,0.0790257317804985,0.052633540397976,0.0864832330898137,0.0174338377967588,0.0258787386195415,0.0210305087672831
"sample_80",0.0578715781061316,0.00768113244602986,0,0.071653620433529,0,0.302504197855131,0.0164873504319046,0.072954141255544,0.0493560045659713,0.034574292646405,0.034834549445145,0.0733085093762924,0.0117254661765174,0,0.086289693970711,0.058911057600074,0.0613193726533755,0.0253886951920688,0.0158810608730765,0.0192592769720925
"sample_81",0.0310412181967949,0.0329762436334327,0,0.0602256525279686,0.030753252078846,0.152706143854763,0.0424807878837527,0.133748293206997,0.0466871934554237,0.079508653470062,0.0346802932219962,0.031078079828702,0.0305233032689627,0.0213320769499842,0.0466746218715206,0.0480577619680372,0.0632222473180364,0.0214486474562351,0.0331228185121872,0.0597327112962979
"sample_82",0.0517171474721088,0.0496823382848191,0,0.0747646819576404,0.0292781703292804,0.0021919461737864,0.0921337981787705,0.104929545187541,0.0678494652836774,0,0.042861411277834,0.0520632469284375,0.0529182181210202,0,0.089019068630957,0.0895049822648505,0.0522374963400161,0.0318439748283173,0.0280034934424729,0.0890010152984708
"sample_83",0.00978093336428873,0.00211208000682952,0,0.093200811922131,0.0165257522999792,0.140027664480234,0.046410386933863,0.111702504731535,0.0466078794232707,0.136805143909653,0.0522565442157931,0.0361296895140615,0.0404202579892393,0.0207871910728711,0.0432553083932717,0.0570658457225315,0.0522320278167192,0.023257595029899,0.0341522024747828,0.037270180699046
"sample_84",0.0285678000368456,0.181386472708391,0.0175499997199814,0.0440195274101706,0.00260135637237083,0.0872656625507118,0.0275256136722987,0.062849931732819,0.0355853217415706,0.0774113169297259,0.0390651829379108,0.0369874156588161,0.0309723365689851,0.0168672672670658,0.0703156054487834,0.0624884069907805,0.105164648507503,0.0189808476211176,0.0266106859485662,0.0277846001755858
"sample_85",0.0800699333945384,0.0477477491453692,0.0408647345417407,0.137898749806408,0.000275824623021644,0.0905922634772059,0.0975997778551341,0,0.0352451089667132,0.0235843067719132,0.0355597970300426,0.037980802483412,0.0659072259933309,0.0153137401789982,0.0827147012482537,0.0579511741597348,0.0887517583113268,0.00558080471797664,0.0396210199747086,0.0167405273201715
"sample_86",0.0324434826505765,0.00913175598705795,0.00588237132962034,0.0494461999991268,0.0164445127934566,0,0.0743000929044125,0.0612769199131723,0.0449046157976305,0.00495858388889391,0.0456411371771144,0.0438128221074628,0.0366950838858015,0.0214931275162596,0.0388966332638224,0.0564264559159825,0.0178436053452866,0.0362541124448808,0.14815702629366,0.255991460785782
"sample_87",0,0,0.123623643364405,0.0777298111143545,0.0843587351686888,0.181928768436727,0.0171745635960514,0,0.0292034420749759,0.224229007389928,0.0213335054796193,0.0175325007759161,0.0129059784070569,0.0317824226960646,0.043107122452166,0.0441483577564961,0.0648056787385506,0.00885489178478047,0,0.0172815707642186
"sample_88",0.0322758837212042,0.00741618452935358,0,0.0458392190268293,0.0492921817291167,0.141335076972833,0.111380680824854,0.154975618769532,0.0987111184819281,0.0238440579073421,0.0278980545345439,0.0373642692144869,0.0320276028105916,0.0109532508297467,0.0370535150455787,0.0503074269570948,0.0750207819631226,0.0200926669620339,0.0205107312218132,0.0237016784979946
"sample_89",0.0464015920345906,0.0856420174790454,0.040707183257383,0.0526455794489316,0,0.219008575031416,0.0227676533842758,0.0793978533862315,0.0464741270285376,0.0604580489548276,0.0256827529245375,0.0463216425701324,0.0288457501101259,0.0119318593086547,0.0643192167477978,0.0507791299195709,0.0536099704966113,0.0116413106941515,0.010590329591617,0.042775407631562
"sample_90",0.104614322661228,0.0589909305004814,0.106698134271162,0.101782046250261,0.0436354130532813,0.0666180606405969,0.05216725307625,0.00149563069613366,0.0433423305728926,0.125129738881943,0.0277776246026328,0.0431018375883033,0.0124193839382394,0.0184720678444192,0.0525688817744187,0.0595673736921248,0.0493128558284586,0.0181186214597985,0.00108914195713198,0.0130983507102415
"sample_91",0.0136779303457649,0.0754873092485056,0,0.0739309863926541,0.0201745438749398,0.086916016200961,0.0901994855988447,0.149596245980113,0.0619390314477686,0.00764333810929992,0.0321625198037719,0.0407583896089911,0.043671593831213,0.0178346023812235,0.0530518939787726,0.0627502286581984,0.0403084902644831,0.0181792888165013,0.0352767611685188,0.0764413442894747
"sample_92",0.112512319515703,0.0380078548007742,0.00878101776545539,0.0628842757956618,0.0165083926278878,0.0722268296049481,0.0385398512909183,0.142364940298951,0.028939124732073,0.167201936501252,0.0347445892473268,0.0371006549959431,0.0318835617877323,0.0179409588377529,0.0396261581484999,0.0515347494874953,0.0545156323759617,0.0188881427859535,0.0114129417835924,0.0143860676161173
"sample_93",0.0922304227977661,0.0889616819871602,0.102501253265468,0.058691738642676,0,0.0197367905412291,0,0.089953598850827,0.0168426623704011,0.245868141031612,0.0330460430357943,0.0381522566440184,0.00882020593048176,0.0171600310246648,0.0525879330515257,0.0636970070308596,0.0392847356954735,0.0170031422295365,0.00446154572688231,0.011000810143624
"sample_94",0.0278884134223347,0.110722770767128,0.0358989996299429,0.055322600177453,0.0154938081747661,0.0587813117232802,0.0109442392463776,0.0575896568192816,0.0312112664439144,0,0.0364113110965905,0.0403941060347267,0.0543827226523711,0.0192458372868807,0.0597437855738047,0.0612491238177289,0.0480488273665629,0.0141882520409983,0.0403129132089984,0.22217005451686
"sample_95",0.0299762741671857,0.064131512858456,0,0.0866096196747334,0.0327655542704511,0.137557066423114,0.012750681387555,0.19821782750809,0.0293208024783618,0.0393897765859165,0.0289397889658942,0.0603023933391639,0.0265728867580884,0.00432425274902234,0.0666441337982682,0.0620419948624064,0.0365425973857771,0.0169967475432397,0.0162699152094216,0.0506461740348539
"sample_96",0.0345449154192362,0,0,0.0802279410386929,0.0549060333684394,0.187756932072029,0.0146614874172674,0.156085378988183,0.0481925616540929,0.0890151057646401,0.0344887740389469,0.0487901369955537,0.0239511000391063,0.0187469129254562,0.0563372978175743,0.0596433246207998,0.050319395729058,0.0189975839645445,0.00835432283209961,0.01498079531428
"sample_97",0.024588493311686,0.0177429870736058,0.035673072590801,0.0951854751456375,0.0496859968466038,0.128367336837787,0.0117878101963764,0.111842654281982,0.019617263685882,0.0546812338225869,0.0277194031843737,0.0423363240058846,0.0682559380020595,0.0216654291626034,0.0718006877348235,0.0684782990796143,0.0543244505390755,0.0176371051244505,0.0331740950898642,0.0454359442843021
"sample_98",0.0342528274260101,0.0609993310220883,0,0.0974211536549397,0.0136174269193477,0.00167340528482975,0.0634347284252585,0.14388546874186,0.0247270556770859,0,0.0530764140078028,0.0696908023756973,0.0605212571841739,0.00242324657793019,0.0723167729361815,0.08544024259534,0.067569557818592,0.0503221880085579,0.0261312920467941,0.0724968292975105
"sample_99",0.0272103302447935,0.0125155518591859,0.0826244312052082,0.0948613052426327,0.0645307386589696,0.164516056517732,0,0,0.0204488855216545,0.134123461067607,0.0287422036673435,0.037498516705308,0.0671677332398924,0.0207727856376082,0.0594499263552987,0.0452815927065373,0.0771954520627044,0.00520607167272165,0.0249633526175217,0.0328916050172811
"sample_100",0.0199101435955558,0.0117459113351978,0.0174777146181634,0.0786377457008368,0,0.0214456995415317,0.00778569590033586,0.0431693644495159,0.0170573384822627,0.0192296750524915,0.0435941843186832,0.0444475942109136,0.047135193538336,0.0222818655355832,0.0435944119767365,0.0762854715317969,0.0117866887529133,0.0185852056309193,0.105244260098548,0.350585835729678
"sample_101",0.00564696734588812,0.00554014433870635,0,0.0413765828958454,0.00285986296271765,0.0203469518906895,0.181927301282989,0.06413525579782,0.100465086712176,0.00216796176299502,0.0236724028416118,0.0364629783672964,0.0381969677590621,0.0117076618038837,0.0341033898222963,0.0485187604903794,0.0394231991379125,0.0185985768707211,0.0868429826207629,0.238006965296247
"sample_102",0.0630545507458499,0.187344216892913,0.0314727891956246,0.080041025629636,0.0408058251044147,0,0.0574805383168782,0.105011413517118,0.0358571947938698,0.0632029656707993,0.0485564251081442,0.0418365612896257,0.0228388904034898,0.0188618497238958,0.0531254608273221,0.0573816223514281,0.0455088790641441,0.0208093956586777,0.0146687034612659,0.012141692244903
"sample_103",0.00594933492087805,0.0161613727337239,0,0.0231706399445627,0.00638295171852204,0.00172395706423836,0.0139387703241577,0.0263717043235712,0.00756116096458963,0,0.0199256411974813,0.0375787520379843,0.0298287884374582,0.02185526284372,0.0370124144843836,0.0426073848087936,0.104270190421929,0.0137184914796874,0.243636302507941,0.348306879786377
"sample_104",0.0138827564068756,0.0331975137679072,0.0397965827339965,0.0698705537162684,0.0490787336802083,0.219862917385655,0.0470787467319274,0,0.0490506007183992,0.154345016877995,0.038675087754319,0.0421095570551962,0.0316094115316312,0.00996445980902471,0.0497546915554849,0.0536851393900974,0.0477970312900462,0.0194141892183921,0.0190953178237579,0.0117316925528177
"sample_105",0.0101127759508481,0.0187164175557242,0.0575569307083895,0.059727556737578,0.0906805486593425,0.159625088994334,0.0867623754386136,0.057629594328744,0.0423356446345199,0.148385395451386,0.0260254587713095,0.0351841547655114,0.0271057728874601,0.0153654758812064,0.0423305269963148,0.0509597240266547,0.0309425395846734,0.0171514986246275,0.0102444590813283,0.0131580609214334
"sample_106",0.0172517554593646,0.0208424061509987,0.0621959330836757,0.0471412810556937,0.019175344739214,0,0.0532814173820558,0.029964464097816,0.415372864186604,0.000215645003415413,0.0295254625040344,0.0381489974132234,0.0357676033729012,0,0.0393787021476108,0.0615485705766799,0.0154122151350388,0.0178402302878142,0.0374177688679844,0.0595193385358756
"sample_107",0.026241917927558,0.0500775223597388,0.0139202374474448,0.138181351170965,0,0.114385856640625,0.021695678391372,0.0932525112504484,0.0272281851472399,0.135482291020538,0.0419465466754958,0.0371837382362342,0.0434101434109294,0.018645700111056,0.0573744083587194,0.0488203179339207,0.0804566493608968,0.0174171614821769,0.0191907969391712,0.0150889861354691
"sample_108",0.0536749425876357,0.211401687288044,0.0494663950636838,0.0417071883547661,0.00586859156678041,0,0,0.0999846561009714,0.0249326253449538,0.208592183115511,0.0421975894065598,0.0420869263272439,0.0112961675572182,0.00684996740530846,0.0548310666123724,0.0516756760639393,0.0613930417588962,0.0192783588080713,0,0.0147629366380447
"sample_109",0.0113369687928593,0.10133971185144,0.0348534705773178,0.103870333089224,0.0253036950955638,0.131336535003692,0.0413061217455764,0.0518145477117832,0.0400016824405904,0.0676604284552957,0.0371506275684484,0.0458540880129523,0.0329006578086411,0.0230905425019374,0.0550744924278331,0.0501189438063675,0.0853704702213697,0.0188668025731075,0.0158412964739653,0.0269085838420354
"sample_110",0.00240843255397863,0.11241884110177,0.0660457644597798,0.135910682208843,0.022060771796688,0,0.0214340954504554,0.118274114985599,0.0568724682951229,0.100282186926611,0.0133471602495596,0.0501622680449573,0.0441796886478651,0,0.0636434633318661,0.0790784350464076,0.0630557010815107,0.0267030118528432,0,0.0241229139661421
"sample_111",0.0342379378844708,0.106703461585391,0.014699014780175,0.0679132910040122,0,0.131405405658361,0.0381874261534129,0.0542356337785581,0.028503739277448,0.165567359725862,0.041589314146611,0.0356896237874286,0.0410394761059565,0.01341678515657,0.0524697813513448,0.0451580974392871,0.076128862955691,0.0156885071369005,0.0184859097811739,0.0188803722913458
"sample_112",0.00400193966787322,0.0442833096247901,0.000898175196575115,0.0830309245130212,0.0143638429120758,0.0566159219614324,0.0445920432764422,0.105142107872488,0.0788563135243921,0,0.0415443134797284,0.0794415870321606,0.0467910891032599,0,0.0957226076346987,0.0838442292257165,0.0672312571100341,0.0300476209886956,0.0679761326250932,0.0556165842515223
"sample_113",0.0134148717068916,0.0223302753534173,0.0395775296477401,0.0803016310979168,0.0347889927142354,0.0871732617967688,0.028041267150721,0.0537159643933334,0.0346355279382883,0,0.0389914077522859,0.0626615613708935,0.0726662700931252,0,0.0819367581619809,0.0814807774985106,0.0728549194692098,0.0233940413559485,0.0663226789864112,0.105712263512322
"sample_114",0.0430125108572613,0.129644793331082,0.0542827787164138,0.085283540106286,0.0158116765920817,0.049189293777154,0.00721114971840707,0.101472460347354,0.0239701756411123,0.197816595297285,0.0382349529879643,0.0326895877946099,0.0249929134286891,0.0215979908248296,0.0456664902951747,0.0455512987250253,0.0433543023399726,0.0184960306911932,0.00775113979253827,0.0139703187355672
"sample_115",0.00727350378298074,0.0106899975017959,0.0177717577364409,0.0930684653209636,0.00816533933461485,0.232216066917939,0,0.127041828847737,0.0331896408846337,0.120445192122779,0.0338534720190287,0.0359163076801309,0.0435710084111982,0.0215403614676866,0.0595070549413055,0.0493182670263871,0.0504991524137155,0.0206132886754208,0.0160748736628526,0.0192444212523898
"sample_116",0,0.215866647299754,0,0.116035525708711,0.00253737870654421,0,0.0208380708481765,0.151189613861702,0.0448942956321404,0.0651444128347826,0.0494913814932651,0.0547606851637406,0.00972972950443266,0,0.0698525757358887,0.0701214680084926,0.0430328979480053,0.0276903197187933,0.0399399555423084,0.018875041993263
"sample_117",0.00982857600255517,0.0598648899483129,0.00850323455801365,0.0582828312034556,0.0427537923971943,0.0933324361406517,0.0861007129467728,0.12759147597126,0.0883561663745077,0.00118539597673871,0.0424087702442223,0.0486944766342452,0.0434495073459432,0.00569824370825554,0.0566897919285829,0.0598215618855917,0.0871532298379059,0.0232186715320706,0.0301719004387541,0.0268943349249663
"sample_118",0.0412745092635571,0.0676190690420402,0,0.14676990970547,0.0149104012878488,0,0.0251498829811552,0.109019997922856,0.0324863138423378,0,0.0659144366268306,0.0708479334022548,0.0590123116886276,0.0036870692211416,0.0905724558591155,0.0849544230191082,0.0954103885997711,0.0569743248472632,0,0.035396572690623
"sample_119",0.0184982757786673,0.0344939378900851,0.0387173001169481,0.124370296424005,0.00797991288503595,0.073017410412757,0.039621994866209,0.0622483765990632,0.0339270645900925,0.024005638860096,0.0630505357901261,0.0807484519965865,0.0155005659585393,0,0.112801059568563,0.0864629956650158,0.090258098404295,0.0574660402511119,0,0.0368320439428031
"sample_120",0.105297307086173,0.00406928497926955,0.0850808354104424,0.113303988794733,0.0110422071280419,0.0801423293798428,0.0232670103175374,0.0239708030936832,0.0233130300048723,0.049176887030348,0.0247636187407649,0.0434286575226681,0.055292305006246,0.0241051378232381,0.0551557119342659,0.0667211570829317,0.135069738532618,0.00957505233784645,0.0286482817352533,0.0385766560592245
"sample_121",0,0.0589171227625118,0.0680646158821243,0.0749877346234785,0.043330178871889,0.101309747770004,0.0142257035718936,0.0481085216449954,0.0159923802288864,0.0811952230956414,0.0277000037392393,0.0456257887043482,0.0276811877047277,0.0151559440637454,0.0759147158469474,0.0695253191780305,0.0236325600962958,0.00514624002328452,0.0499000353036119,0.153586976888345
"sample_122",0.0512183974227393,0.107880315786188,0,0.067705187475311,0.0178369036050975,0.0778572321549122,0.028711856046476,0.185381388540994,0.042647225351951,0.0869372567801857,0.036793883201018,0.0397789459961601,0.0359904004672053,0.0257813890600905,0.051703114919772,0.0490588534255839,0.0442800140787088,0.0195615865303763,0.0169696084105059,0.0139064407467241
"sample_123",0.0478694513698884,0.121575738062997,0.0312681215932519,0.0632348493225487,0.00153341306039341,0.071038585122716,0,0.0580974211900665,0.0205126228322771,0.22428371149921,0.0359616056498058,0.0404436702721898,0.0393263192726974,0.0192080207106834,0.0600597588325026,0.0616702011108899,0.0576787026006142,0.0138728765110747,0.0101352354011815,0.0222296955850116
"sample_124",0.00351157996976479,0.00503035053188825,0.0255870864603061,0.0688238847474771,0.0555130921153584,0.140767697063342,0.130629846086145,0.0390626353530237,0.123466842824417,0.0335485232155926,0.0231481166031509,0.0496653804192929,0.030100912404552,0.00262171046891036,0.0613758812924628,0.0604497370066236,0.0872030770926329,0.0233219601443238,0.00588487987611264,0.030286806324623
"sample_125",0,0.0562501843716546,0.0134387201969359,0.0897983711665923,0,0.0188987630860941,0.0569048352740894,0.214202580365961,0.054586016545862,0.0233964040637061,0.0298548875958154,0.0850000615934543,0.074092815582981,0.00140489445701423,0.0477029130122934,0.0510891284222648,0.0634608187885404,0.0267011002594417,0.0125454677546924,0.0806720374626067
"sample_126",0.00783052947666153,0.0117270492527075,0.0109119235260669,0.0831075719368828,0.0253663144479513,0.0663449053059612,0.117711271197811,0.0784871321897059,0.0483078008747037,0.057474687064965,0.0358440306341308,0.0393149752743579,0.0476246557358808,0.0171795076176798,0.0537992430017913,0.0591842044756067,0.0870609262531718,0.0141531565049561,0.0400146459590136,0.0985554692699945
"sample_127",0.0462952658320056,0,0.0422514740042415,0.0576046752579114,0.0371865013150128,0.204073140431488,0.0330801459489585,0.0796696212994092,0.0353634902958157,0.0797892190685104,0.0362151326211371,0.0427060864761959,0.0422319850282947,0.0203670199927521,0.0475509062233427,0.0517460557952591,0.0724804853402781,0.0160118132568066,0.0211956860787237,0.0341812957338567
"sample_128",0.00201498804167564,0.00190159359538397,0,0.0756371904165308,0.0393377906748002,0.200277345481792,0.0156138937593025,0.123807605549113,0.0495674212962852,0.079132439171351,0.032744486222888,0.0348262872517718,0.0385119246681144,0.0261078354101043,0.0446287949052101,0.0574679866006211,0.0368592616216638,0.016313495342768,0.0296132133663119,0.0956364466243126
"sample_129",0.0251316100589712,0.00705784943475055,0,0.06499732428173,0.0117006916642369,0.183991846409606,0.0271085833837816,0.143939544856094,0.0400862732898247,0.142631640204979,0.0375647136509929,0.0328939501823736,0.0415171976282549,0.0291234002941793,0.034669414114569,0.0556073937998895,0.0716419299377166,0.0151345169582405,0.0107958623018717,0.0244062575479374
"sample_130",0.00472337186283181,0.0102482781379832,0,0.0596033666005246,0.010200723535585,0.128261774431597,0.173394568241549,0.123939871924722,0.121583582802606,0.018943686377585,0.0295050910188216,0.0374552757681929,0.0253779113595417,0.0148999235707131,0.0438013401956096,0.0447122489023898,0.0460390552207115,0.0153544393439925,0.0235912534315566,0.0683642372734878
"sample_131",0,0.158102626676989,0.0648099845333088,0.0651468865906455,0,0.0126456079044664,0.0331609529167511,0.059200010236497,0.0384164971530944,0.104511199267223,0.0336933871471198,0.0557535652411712,0.0401072822660554,0.0206613712212359,0.0320301480101416,0.0477616336336609,0.041995505874209,0.0162945151445618,0.0566636364478628,0.119045189735007
"sample_132",0.0317535142777993,0.000443473068619802,0,0.0452998146346187,0.0381080249497118,0.184507570630019,0.0832131225441918,0.1707556718228,0.0954131229838432,0.0356760849142021,0.0255304753140222,0.0341097544688018,0.0353020700557284,0.00977161280693998,0.03257813774926,0.0392795701502575,0.0907768404813954,0.0185473417898227,0.00896455749677105,0.0199692398611954
"sample_133",0,0.0166745841126983,0.00627708669134009,0.0616814013227749,0.0333603074557717,0.179522185755683,0.048668905797456,0.0869659163504552,0.0680190289482881,0.114028242662913,0.0299127624559137,0.0381597848491667,0.0329057397090796,0.0237796878877012,0.0309358529083827,0.0555867315656516,0.0289323097873043,0.019746255377974,0.0364953226899681,0.0883478936714777
"sample_134",0.0319976872423928,0.00471103060353557,0.0328675569404679,0.0811398389360083,0.066310972528072,0.204177318072869,0.00791771039302768,0,0.0202060085241087,0.152293059526064,0.0320240437393031,0.0411128183749895,0.0716939662495539,0.0146189224819566,0.0504969153093343,0.0525930413912293,0.0832240462371367,0,0.0251560452240646,0.0274590182258856
"sample_135",0.0291449555193278,0.116006216885338,0,0.0586266102073731,0.0554864043467955,0.0682945391396464,0.00878883281288111,0.152066938504827,0.0604012102650927,0.145462991923777,0.0347635715855915,0.0393003655360008,0.0270313505302278,0.0185968822177597,0.0416433274936197,0.0475821600220063,0.0475125087544739,0.0172068668625673,0.0171982734319353,0.0148859939607586
"sample_136",0.0240255704089545,0.210151431603176,0.0316234429901613,0.0547737037434733,0.0118945496679275,0,0.0259885473356016,0.129736653168711,0.021173743081884,0.237317810896504,0.0402936557883895,0.0295894825680972,0.0160059178209224,0.0198419944326331,0.0357914151961808,0.0419661933228216,0.0278338342645986,0.0214308834842294,0.00863374319488029,0.0119274270308534
"sample_137",0.000515514158269283,0.0832555380107677,0.00952643779479543,0.0728716749281117,0.0314534483038554,0.0426344671783426,0.0188465780977626,0.0691947880364335,0.0328292224120937,0.0432171616576167,0.0387507300774676,0.0545652695458057,0.0636430510727941,0.0101547409377582,0.0463147853662769,0.0635853731739703,0.023550560395674,0.0224127140798538,0.0628604232654721,0.209817521506879
"sample_138",0.0558969441365683,0.0454250703287621,0.0929178945269237,0.119592028122906,0.0253424061939754,0.139314180290495,0.0540999819207043,0.0126200144068486,0.0286459120310816,0.13379869601638,0.0333693330334112,0.0310882820933427,0.016960964004004,0.0240915398067754,0.0485309980280737,0.0503171492977461,0.0467775839814077,0.0136581169307965,0.0109713597145315,0.0165815451352655
"sample_139",0.0806750906051557,0.0057719559257063,0,0.0539603161455636,0.0408196037116122,0.098066506897376,0.13676257793125,0.12107143402261,0.0541613496383945,0.0534191669911623,0.0309188456868688,0.0386373629635229,0.0402208173179133,0.016593384645033,0.0486554227724581,0.0517073725203855,0.0562919478526848,0.0214508553660417,0.023151969642173,0.0276640193640888
"sample_140",0.0163016882178158,0.00663869672100758,0,0.0401370077107912,0.0544534995483461,0.31310032142751,0.0663243982800922,0.10091912597302,0.132101124104783,0,0.0221511908769586,0.0412512273371388,0.0195737400145043,0.00349770900326002,0.0440764831125969,0.0454626663781659,0.0434379530929098,0.00928385042279548,0.0242229277094223,0.0170663900688827
"sample_141",0.0335124141588934,0.0927401029681975,0.0537133149121998,0.0939519468236649,0.00464577941874685,0.0943594941933394,0.0031400616414381,0.10013281228076,0.0204601655791547,0.192403232387864,0.0367431126735556,0.0322652559212168,0.0362423826690106,0.0209185451829446,0.0420050831668513,0.044793151890845,0.0620196373883148,0.0174220602606891,0.00404290146070988,0.0144885450216034
"sample_142",0.00918885349168994,0.074542336236982,0.0315872403655979,0.0668582282803655,0.0269001575662047,0.130317744551229,0.0877644859241786,0.0351996804438896,0.0439460023125938,0.15086849950811,0.0345923834965242,0.0355488290466786,0.0480242801754482,0.0160410240629535,0.0442206824053464,0.0532870081941728,0.0471446720752761,0.0154065008292868,0.0269155966107775,0.0216457944226951
"sample_143",0.0397161221401956,0.102068480639237,0.122343074964895,0.0692837964211266,0,0.0969025063008916,0,0.0503770475946192,0.0165166260893591,0.205122061734443,0.034961102543755,0.0346146002825692,0.0276517649083247,0.0316522198499528,0.0405091044485833,0.0511678078929511,0.0412602789890387,0.0218248385049135,0.00649751111642931,0.00753105557871492
"sample_144",0.0707973944793942,0.133561320774242,0.0493770360792703,0.0626567980775109,0.00162703228937094,0.057830959311436,0.0218179708944575,0.119031814119071,0.0242410598853633,0.138824785748455,0.0387119774626983,0.0382238303824566,0.036293700527362,0.0176612621915766,0.0476584325603146,0.0532244962242533,0.0414037680046466,0.0172601082645529,0.0144030975722042,0.0153931551513642
"sample_145",0.0114256660600472,0.0432942754270902,0.102294847747951,0.0664349921389688,0,0.201362062451097,0.00922804347343922,0,0.0415052224907737,0,0.0233787653390586,0.0568543141342841,0.0477368228990213,0,0.0776886752765701,0.0689603059286668,0.0185982601972853,0,0.0799679248502878,0.151269821585459
"sample_146",0.0529214454784691,0.0441892079572156,0.0294042054745621,0.070478366897964,0.0104603816399958,0.1347845080803,0.0733310659095077,0.100006399490008,0.0447107011595994,0.0879148685425586,0.0309116003314293,0.0383858443448491,0.0312384110627833,0.018253681825794,0.0499471294943244,0.052991249318746,0.0567079113849581,0.0173035315234304,0.0257358233329628,0.0303236667505424
"sample_147",0.00135223939071766,0.00750241657564758,0.00196459713329269,0.0502421327646525,0.0164867148410772,0.107782010486677,0.0327631247422058,0.0888684350893551,0.0429015882660907,0.00748497171704665,0.0278811310828757,0.0362527485623897,0.0465508935447184,0.020422396491258,0.0591419428106985,0.0553984258105184,0.0331671649246941,0.0186184727818324,0.052950616582897,0.292267976401354
"sample_148",0.0021494574638707,0.00437893213560094,0,0.0717172373976088,0.110841258629332,0.177098730753968,0.129595940047332,0.0508537149494699,0.0846587845112881,0.0430166873887048,0.0217006872545939,0.0467166617321403,0.0200141546384778,0.00831321923745713,0.048719726539498,0.053187714772454,0.0620291709382047,0.0189128621565667,0.00546378697233248,0.0406312724810999
"sample_149",0.00710776084122006,0.00856789312802755,0.00303384982405531,0.0467443662505064,0.0365213100112109,0.131799125852269,0.0695257112443202,0.0842559151337195,0.11338110438292,0,0.0260851510126533,0.0414759046156134,0.0312512500996579,0.0161773802487295,0.0455545281001577,0.0505598676415051,0.0319170597789284,0.015642975702945,0.0637315942888737,0.176667251842688
"sample_150",0,0.0278099744626175,0.0255477355682075,0.0374351435290339,0.0154298095182054,0.112356723357838,0.0283700920152063,0.048303498381653,0.0383863769343341,0,0.0218893830142771,0.0345127776050409,0.0342655308888624,0.0147037426492839,0.0536120098588306,0.0442421079462864,0.0233304833866336,0.00861358176958825,0.0758231966885662,0.355367832425535
"sample_151",0.0177521942404223,0.0551313193337645,0,0.101042639591721,0.0146012710988543,0.0200657206558538,0.0292623170746042,0.161831153662128,0.000727482097053546,0,0.045391224551118,0.0867570254675234,0.0687840806540453,0,0.132317490869972,0.104050441861815,0.0851437985471687,0.0630487562462512,0,0.0140930840477055
"sample_152",0.0222601333946352,0.0583827943348922,0.0335903793058372,0.105068051379238,0.0171711690086608,0.132449323459797,0.0156798562750109,0.0610347484714035,0.0322915874424687,0.145296844828365,0.0371278149045821,0.0366317451129903,0.0654276721234779,0.021109415955109,0.0455934628500519,0.047934988719658,0.0861652560689169,0.015545132879055,0.00600850557218982,0.0152311179136605
"sample_153",0.0158494806504588,0.0687157916977925,0.00049354522523342,0.0429424827472738,0.0719719796303251,0.176551397306676,0.0236341076783027,0.0808278751227839,0.0526266837448375,0.140049097325304,0.0349215742163829,0.0385880949253074,0.0335380059799906,0.019164285849543,0.0494416719689826,0.0499876361575424,0.0393947180370944,0.01742140514325,0.0133036292354519,0.0305765373574673
"sample_154",0.0135800738213665,0,0.0533170442169916,0.0524775957541357,0.0923548776381487,0.136046541196512,0.116666309344502,0.0087278039114906,0.0607355780224287,0.0600024052678521,0.0155901308955383,0.0402814586854434,0.0405160575084161,0.0141624438696695,0.0464451490417337,0.055740877843203,0.0422774281808328,0.0114770837213824,0.0457174302829616,0.093883710797391
"sample_155",0,0.0499288346490399,0.0845195941205265,0.156204449156432,0,0.125072365586228,0,0.0260168048279745,0.00715157969421043,0.217131582192238,0.0360097249038301,0.0296019308127729,0.0405549464887493,0.025999879730277,0.0526258812929332,0.0522414877605996,0.0458291385654206,0.0173242778557696,0.0113887562135037,0.0223987661494944
"sample_156",0.0230901161530009,0,0,0.086615809650002,0.00963197981959452,0.248194091499922,0.0676810576722352,0.136879316446608,0.0766856792035838,0.0376844883314307,0.0189215953476986,0.0438305121658364,0.0227526256490031,0.00374439475467465,0.057384078585145,0.0572127052705321,0.0695913536073817,0.0127711957721018,0.0077409270302539,0.0195880730409956
"sample_157",0.0125137878072543,0.0494609340397662,0,0.0576932442329477,0.0295424699864123,0.146162073671482,0.0275311518177744,0.140554229656075,0.0472006547602732,0.201093159237561,0.0339078082179533,0.0398323303431235,0.022998666075013,0.0141116707351125,0.0361193814090443,0.0479270712147205,0.0431907725314674,0.0198975693669433,0.0103000921630161,0.0199629327340593
"sample_158",0,0.0744799653147025,0.0796252616134198,0.164408455215844,0.00923228329082326,0.047798910696196,0,0.120954354850825,0.0414969124684616,0.157669572477369,0.0352000880567557,0.0493856178139799,0.00462019628140038,0.0160623420882952,0.0584462432988793,0.0589845877596888,0.0286943503767196,0.0245227524964895,0.0148123512116601,0.01360575468849
"sample_159",0.00845795486711083,0.185404406207214,0.0375901190871603,0.0429004315240776,0.00468548071173502,0,0,0.115177955067529,0.0106993635599484,0.315156179570071,0.0387170950173331,0.0404417269293777,0.00855435685317357,0.0136642019839207,0.0551765773016291,0.0561030929719487,0.0447644864970894,0.0100702610673397,0,0.0124363107833412
"sample_160",0.087749549902825,0.302106141349838,0.0337957273337787,0.0469145003368567,0.00529846501647485,0,0.0204813465427875,0.098408728036929,0.0204485129604627,0.0498707170243148,0.040910724251063,0.043745021383018,0.0227350914026753,0.00350538359539099,0.0638237801347976,0.0602899259360275,0.048732256136564,0.02280546492878,0.0109936207286301,0.0173850429987861
"sample_161",0.0070854743486408,0.0939275881963085,0,0.0561062189806409,0.0359864007879853,0.111396683882461,0.0351859326546331,0.118580381685557,0.0472281480017506,0.201242045362245,0.0352189473263768,0.0339667806083216,0.0234254484226394,0.0179131068309464,0.0358860237605849,0.04707998803883,0.0572837873602344,0.0179815564591368,0.00500431861184678,0.0195011686808618
"sample_162",0.0239323042682955,0.0895171872700755,0,0.0947740084974588,0,0.072120596985769,0.0134873768884898,0.216092779315727,0.0361696106562446,0.0150591283885801,0.046863498550195,0.0673260396332303,0.0334479296770606,0,0.0862954313888798,0.0731388884715452,0.0598738245278561,0.0315340510176352,0.0167393618488904,0.0236279826140674
"sample_163",0.0127390840747005,0.136382578739566,0.00367474254693129,0.0672395398250856,0.000472776958168353,0.0970675919831031,0.0264571031223964,0.183855510544429,0.0601695201498961,0.0200793129398262,0.0426464919611733,0.0412732769227077,0.0273364373655898,0.0164510428172969,0.0685878752077735,0.0588122010250551,0.0429684996348809,0.0227044688225909,0.0212628272078527,0.0498191181509767
"sample_164",0,0.192710708718133,0.0445512236241406,0.0647919578941107,0.00733527686795916,0.0900855977488338,0.00891216700458885,0.108456642810328,0.0263565895136795,0.0845129159883553,0.0333280202329006,0.0431809164246836,0.0331482948502566,0.0162697458851309,0.0733137978360325,0.0519747125916519,0.0666459625126477,0.0183549718580276,0.0189845009116092,0.0170859967269312
"sample_165",0.0684816045188561,0,0,0.085987507180063,0.0234552685485304,0.107743733756143,0.0137201767485837,0.135255712580226,0.0190388514399688,0.210411503329123,0.0361763990002979,0.0398465469001479,0.0306936760130127,0.0165711393265741,0.036531017011107,0.0551530545621845,0.074021188434235,0.0233624032101888,0.00903258768527192,0.014517629755487
"sample_166",0.0419368510176318,0.0888382999562656,0.00109348623510681,0.123391347144715,0.0327476918169035,0.081268012675391,0.0224342538259416,0.163353630475371,0.0362596313240001,0.0590643504670284,0.0336161661572828,0.0377457827332168,0.0280199426962876,0.0185716050587891,0.0479269314002659,0.0539641908615939,0.0628592144804681,0.0185623505626341,0.0167044592405832,0.0316418018705236
"sample_167",0.012449336672869,0.121313195238153,0.0133542038642891,0.0826401810785835,0.0353730633191527,0.103332275565264,0.0297296179940437,0.118421124238882,0.0311577127090596,0.105689366361504,0.0317548334030092,0.0371892911120225,0.0260649649277913,0.0157621850213829,0.0510277054119976,0.0533732004498065,0.0483595326544128,0.0178567097060517,0.0205872596294791,0.044564240642246
"sample_168",0,0.0147729389230426,0,0.0677256589750755,0,0,0.101460568477574,0.116258550324836,0.125689553081245,0.00393837485325025,0.0462252553747423,0.0548924589896138,0.0478125499573485,0.00423045297506838,0.0402952462643248,0.0725930132167596,0.0251981822765902,0.0285069896260566,0.0353454712981049,0.215054735386368
"sample_169",0.0191030908664684,0.108875627424918,0.0177782527020071,0.0753209368996437,0,0.0550239677515312,0.0379254984969175,0.129512275857805,0.0330930777092273,0.222560425994489,0.0376724039485701,0.0368645940329153,0.0272252208053665,0.0168251780005385,0.040901588608098,0.0454895523393928,0.0404155800495956,0.0182728184336538,0.0185302645605413,0.0186096455183212
"sample_170",0.000315344886600042,0.00720042102304679,0.0231997749214949,0.0383742902455279,0.0100862464133502,0.0708299475533004,0.0416192406113934,0.012210479069335,0.0650934668275501,0,0.016702969341428,0.0350431290483231,0.0257283074331515,0.0187469774423443,0.0224488467903653,0.0387952040221135,0,0.00963242515782313,0.117381952136225,0.446590977076627
"sample_171",0.0222816578975975,0.0785007100074559,0.0200110236150179,0.0908769211836301,0.0419278649855703,0.0646523788378127,0.0934895679112131,0.0859919563634082,0.0648422532229862,0.157804253327675,0.0329256937164991,0.0399693798162349,0.0235923306886544,0.0159869612093534,0.036236589880588,0.0494717280958302,0.0215493894744273,0.0208261595388033,0.0202011330876473,0.0188620471395956
"sample_172",0.025364032230553,0.0576593587261601,0.0222285857609271,0.0998051427873176,0.03174928193426,0.0387937771894034,0.022534215279021,0.0691667682309342,0.0302358790101476,0.114823989527438,0.0376947091951017,0.0409659248616962,0.0245178106008705,0.0263735990036159,0.0436878082411557,0.0445073637041383,0.11396555405394,0.0197497515169137,0.0668484285542031,0.0693280195922028
"sample_173",0.0308365698431475,0,0,0.0432061848645456,0.0285920360847129,0.225494834410864,0.0701320097343372,0.11272558108303,0.0442164464443112,0.0926635196666774,0.0295547337166573,0.0359213225722254,0.0547138820956123,0.0139558256983094,0.0435118612080336,0.0456815806656449,0.060636425811718,0.0144993811556569,0.0259061079160821,0.0277516970284341
"sample_174",0.0126359406272113,0.0284199513429718,0.0238127891988231,0.0534727135457434,0,0,0.20916518499533,0.0572941266175801,0.0691558480837286,0,0.0237226266305649,0.0516660907044364,0.0667112138792659,0,0.0633049205564399,0.0726673059518836,0.0381279256370836,0.0266093546491193,0.0596182251676702,0.143615782412147
"sample_175",0.0395521663858899,0.203054174633345,0.0784021026405916,0.0654662829422774,0.001964579864735,0.0851046188674646,0.0292708390915788,0.0916990643697323,0.0464965505672977,0.018775260061296,0.0288978551312829,0.0394597379524128,0.0351526039753407,0.019275839007724,0.0587185750716915,0.0645673915676099,0.0411428300866227,0.0131578745749864,0.0191102690029135,0.0207313842052075
"sample_176",0.0981452697082356,0.10651870341079,0.0283777069490613,0.0478338976688351,0.0328839936428387,0,0.0345220072606768,0.139001656376611,0.0298452388902878,0.190316245109184,0.0351555872163426,0.0393884577453084,0.024438109642604,0.0186462934437024,0.0422128692029394,0.0573579726009295,0.0369617858067615,0.0202540109693701,0.0060378508327289,0.0121023435227921
"sample_177",0.0070036274065043,0.264783162521134,0.0295861100940383,0.0613346359797937,0.0162626307192586,0.0474865347391802,0.0212415321300891,0.109557479299261,0.0364020187057685,0.11578622325902,0.0400565710641964,0.0357901738012345,0.0137649785056907,0.0138172109468691,0.0557583480728531,0.0450082355163577,0.0446641744365152,0.0198223682251836,0.0081802333433052,0.0136937512337467
"sample_178",0,0.0577824333118154,0.026582218376108,0.0521219990959567,0.0239240114244729,0.0376566380505767,0.0395068374573102,0.0589330693785062,0.0802961102579573,0,0.0264425637097816,0.0369691843543057,0.0366104745329873,0.0244955819723046,0.0650180505005704,0.0596510275683199,0.0836557656213465,0.0155434946454328,0.17938198994136,0.0954285498008875
"sample_179",0.033483054261447,0.0655520929883405,0,0.0644380919685141,0.00539617270460201,0.136378117247164,0.00788816669842933,0.211356969122544,0.0294896683986669,0.0959597781391242,0.041704742556562,0.04792419443916,0.0272261948846379,0.0177629432021134,0.0617380649476048,0.0525518281922868,0.047632387504267,0.0300958884108889,0.00758972579033051,0.0158319185433167
"sample_180",0.00219994610390836,0.00255000047446067,0.0209617969779075,0.0593977021487798,0.0489477984440233,0.0741875984302862,0.0254059647812814,0.0335887802766674,0.160434627863778,0.0222568291315206,0.0151042968406391,0.0464313804102016,0.0117465349915175,0.0203394049240255,0.0607465155742368,0.051962028338005,0.0655746464574618,0.00696252821009293,0.0358490444377716,0.235352575183435
"sample_181",0.0124582017898883,0.0415120210776292,0.0214897399042076,0.0765432518948764,0.0443111303854971,0.0185848340650059,0.0309701789349585,0.0792359992285756,0.124876622455133,0,0.0399139894163873,0.0425246135078716,0.0740654434870211,0,0.0679563978892836,0.0862311313179329,0.0335147775551081,0.0146677982286696,0.0707903246369904,0.120353544224964
"sample_182",0.145761806480519,0.100756972163186,0.0667088974940867,0.0536561875148165,0.0240109560188624,0,0.00743655049051508,0.17260691216259,0.0194308371696356,0.121724308450327,0.0384243242705342,0.0424129591454565,0.0158471738488567,0.0200070698783147,0.0440234111745972,0.0543642679962721,0.031557479279654,0.0205281040922204,0.00692622101326498,0.0138155613562904
"sample_183",0.0953067478947694,0.0915198022287663,0.0497410225585666,0.0837966523949425,0.030622996586737,0,0.0384916892426664,0.166884414186816,0.0279730957907233,0.115479774782,0.0379287175479839,0.0442333325387776,0.0197797956297964,0.0168842590457674,0.0443271531496841,0.0549936567266241,0.0440149315504483,0.0189001285032332,0.00650151392267288,0.0126203157190251
"sample_184",0.00262136993537017,0.0327363066782746,0.0478160307112799,0.0609884045538292,0.0167476625824234,0.12224217290129,0.0603900699932035,0.038243443833284,0.0364213369598055,0.00987980933496148,0.0229288736740035,0.0370372877133178,0.0293677961730683,0.0221223413838763,0.0481885827172333,0.0599123383577378,0.0124560369356862,0.009415179222479,0.102634184974288,0.227850771364588
"sample_185",0.0246959895659606,0.0691855848165285,0.0103575546839798,0.0747209844342421,0.0454501428543601,0.0441639326621798,0.0956936300203504,0.10219496720951,0.107374104507249,0.00576130350354939,0.0274542951426559,0.0506235190233229,0.0247228303853281,0,0.090452131604036,0.06785274692387,0.0508866219178963,0.0138685635623077,0.0416593225164024,0.0528817746662708
"sample_186",0.0179577221915182,0.131943863095325,0.111655600810415,0.0619896907982495,0.0583227548584943,0.0599258134076442,0.0233484939768958,0.0106236435115383,0.0258162110412006,0.158969277405792,0.0365455468653325,0.0532118338745476,0.0187659292764864,0.0105742041669256,0.0657788531404063,0.0638291287938695,0.0516273319363511,0.0158491742522113,0.0107149763477797,0.0125499502490177
"sample_187",0.0179671501843957,0.0527943170188075,0.0982360391513058,0.0663650290851922,0.027393988343398,0.147188865622235,0.0317536844377166,0.00600047099981397,0.0733958343999601,0.0489513013709941,0.0250553487900742,0.0326825336628983,0.0347152577864196,0.0294785122431196,0.0809313668539626,0.0613316840856198,0.0961483488571884,0.0130276343609026,0.0363099989013752,0.0202726338446208
"sample_188",0.0522673682430279,0,0.0203326389571747,0.0954530597140611,0.00498067034298961,0.274193672463046,0.0113277008641481,0.0683950709898243,0.0590916129192701,0.117110700649316,0.0311582704418763,0.0389737826173306,0.0269310264741905,0.00746928051467315,0.0389021045793304,0.0506196637145963,0.0939273390004965,0,0,0.00886603751464814
"sample_189",0.0265995713244033,0.334826955554954,0.0243298844539703,0.0733491073123063,0.00020965808857054,0,0,0.144680134058599,0.0277615732252837,0.0656836050427202,0.0515276434625748,0.051540053907941,0.00737397868471799,0.00796731777090507,0.0597064073945759,0.0517729951633284,0.0327866630399094,0.025222591751627,0.0036882774466392,0.0109735823169742
