,Abiotrophia,Achromobacter,Acidothermus,Acidovorax,Acinetobacter,Actinoallomurus,Actinobacillus,Actinomyces,Actinoplanes,Actinosynnema,Actinotalea,Adhaeribacter,Aerococcus,Aeromonas,Agastache,Aggregatibacter,Agrostemma,Alcaligenes,Alcanivorax,Algicella,Aliihoeflea,Aliterella,Alkalimarinus,Alkalitalea,Alloalcanivorax,Alloprevotella,Alphavirus,Altererythrobacter,Alternaria,Alteromonas,Alysiella,Amaricoccus,Amycolatopsis,Anabaena,Anaerobiospirillum,Anaerococcus,Anaerostipes,Anaplasma,Ancylobacter,Anoxybacillus,Apibacter,Aquaspirillum,Aquincola,Aquirhabdus,Aquisphaera,Arabidopsis,Arachidicoccus,Arachis,Arachnia,Arthrobacter,Aspergillus,Asticcacaulis,Atlantibacter,Atopobium,Aurantimonas,Aureimonas,Aureobasidium,Auricularia,Austropallene,Avena,Axinyssa,Azoarcus,Azorhizobium,Azotobacter,Bacillus,Bacteroides,Baekduia,Balanotaenia,Bergeyella,Betacoronavirus,Bibersteinia,Bifidobacterium,Blastococcus,Blautia,Bodomorpha,Boechera,Bombilactobacillus,Bordetella,Bosea,Bradyrhizobium,Brassica,Brenneria,Brevibacterium,Brevundimonas,Buchnera,Burkholderia,Butyrivibrio,Camellia,Campylobacter,Candida,Candidatus Mycosynbacter,Capillimicrobium,Capnocytophaga,Cardiobacterium,Cardita,Carnobacterium,Catonella,Caulobacter,Cedecea,Cellaria,Cellulomonas,Cereibacter,Chlorobaculum,Chromobacterium,Chroococcidiopsis,Chryseobacterium,Citrobacter,Cladosporium,Clitopilus,Cloacibacterium,Clostridium,Comamonas,Conchiformibius,Contracaecum,Corynebacterium,Crenobacter,Croceicoccus,Cronobacter,Cryobacterium,Cryptococcus,Cryptosporidium,Cucumis,Cucurbita,Cupriavidus,Curtobacterium,Cutibacterium,Cyanoptyche,Dechloromonas,Deinococcus,Delftia,Demodex,Dermabacter,Dermacoccus,Desulfitobacterium,Devosia,Dialister,Dichelobacter,Dickeya,Digitaria,Dolosigranulum,Dysgonomonas,Edwardsiella,Eikenella,Elizabethkingia,Enhydrobacter,Enterobacter,Enterococcus,Enterovirus,Entyloma,Erwinia,Erythrobacter,Escherichia,Esquamula,Euphorbia,Exobasidium,Faucicola,Ferribacterium,Festuca,Filifactor,Fistulifera,Flavisolibacter,Flavobacterium,Frankia,Fujientomon,Fusarium,Fuscovulum,Fusobacterium,Gardnerella,Gemella,Gemmatimonas,Gemmatirosa,Geodermatophilus,Georgenia,Gephyromycinifex,Glaesserella,Gleimia,Gordonia,Granulicatella,Grimontella,Haemophilus,Halomonas,Halopseudomonas,Hedera,Herbaspirillum,Heyndrickxia,Hordeum,Hoylesella,Humisphaera,Hymenobacter,Ideonella,Idiomarina,Indioceanicola,Inocybe,Isoalcanivorax,Izhakiella,Janibacter,Janthinobacterium,Jejubacter,Jeotgalibaca,Kaistella,Kangiella,Kazachstania,Kingella,Klebsiella,Klebsormidium,Kluyvera,Kocuria,Komagataella,Kosakonia,Kribbella,Labilithrix,Lachnoanaerobaculum,Lactiplantibacillus,Lactobacillus,Laetiporus,Lancefieldella,Lautropia,Lawsonella,Leclercia,Leifsonia,Leptolyngbya,Leptospira,Leptotrichia,Limnobaculum,Limnoglobus,Limnohabitans,Limosilactobacillus,Liquorilactobacillus,Lolium,Luteimonas,Lysobacter,Macrococcus,Malassezia,Malus,Mammaliicoccus,Mannheimia,Marinilactibacillus,Marinomonas,Marivirga,Marivivens,Massilia,Megasphaera,Melanconis,Mesorhizobium,Metakosakonia,Metapneumovirus,Methylobacterium,Methylomusa,Methylophaga,Methylophilus,Methylorubrum,Methyloversatilis,Microbacterium,Microcella,Micrococcus,Microcoleus,Microlunatus,Microvirga,Mitchella,Mixta,Mobilicoccus,Modestobacter,Mogibacterium,Moranella,Moraxella,Morganella,Morococcus,Mucilaginibacter,Musa,Mycetocola,Mycobacterium,Mycolicibacterium,Mycoplasma,Nanosynbacter,Neisseria,Neobacillus,Neorhizobium,Neospora,Nitrospina,Niveispirillum,Nocardia,Nocardioides,non-genus-specific reads in family Actinomycetaceae,non-genus-specific reads in family Aeromonadaceae,non-genus-specific reads in family Candidatus Nanogingivalaceae,non-genus-specific reads in family Carnobacteriaceae,non-genus-specific reads in family Chitinophagaceae,non-genus-specific reads in family Chromatiaceae,non-genus-specific reads in family Comamonadaceae,non-genus-specific reads in family Corynebacteriaceae,non-genus-specific reads in family Coxiellaceae,non-genus-specific reads in family Cytophagaceae,non-genus-specific reads in family Enterobacteriaceae,non-genus-specific reads in family Eubacteriales Family XIII. Incertae Sedis,non-genus-specific reads in family Geodermatophilaceae,non-genus-specific reads in family Hyphomicrobiaceae,non-genus-specific reads in family Inoviridae,non-genus-specific reads in family Lachnospiraceae,non-genus-specific reads in family Malasseziaceae,non-genus-specific reads in family Moraxellaceae,non-genus-specific reads in family Myoviridae,non-genus-specific reads in family Neisseriaceae,non-genus-specific reads in family Nocardioidaceae,non-genus-specific reads in family Parviterribacteraceae,non-genus-specific reads in family Pasteurellaceae,non-genus-specific reads in family Planctomycetaceae,non-genus-specific reads in family Prevotellaceae,non-genus-specific reads in family Pseudomonadaceae,non-genus-specific reads in family Siphoviridae,non-genus-specific reads in family Sphingomonadaceae,non-genus-specific reads in family Streptococcaceae,non-genus-specific reads in family Totiviridae,non-genus-specific reads in family Tydeidae,non-genus-specific reads in family Xanthobacteraceae,Nostoc,Noviherbaspirillum,Novosphingobium,Orbilia,Oribacterium,Oryza,Oscillatoria,Ottowia,Paenarthrobacter,Pandoraea,Pantoea,Parabacteroides,Paraburkholderia,Paracoccus,Paramagnetospirillum,Paraprevotella,Parietaria,Paroceanicella,Parvimonas,Pasteurella,Pauljensenia,Pectobacterium,Pedobacter,Pelagibacterium,Pengzhenrongella,Penicillium,Peptococcus,Peptoniphilus,Peptostreptococcus,Peribacillus,Permianibacter,Persea,Phenylobacterium,Phlebiopsis,Phocaeicola,Photorhabdus,Phragmites,Phytobacter,Picea,Pichia,Pinus,Piper,Planctomyces,Platanus,Pluralibacter,Pneumocystis,Pontibacter,Porphyrobacter,Porphyromonas,Prescottella,Prevotella,Prevotellamassilia,Profftella,Propionibacterium,Proteus,Protofrankia,Providencia,Pseudescherichia,Pseudoalteromonas,Pseudobacter,Pseudoclostridium,Pseudocnuella,Pseudoduganella,Pseudoleptotrichia,Pseudomonas,Pseudonocardia,Pseudoprevotella,Pseudostreptobacillus,Pseudoxanthomonas,Psychrobacter,Pyrenophora,Pyrus,Qipengyuania,Quercus,Radiobacillus,Ralstonia,Ramlibacter,Raoultella,Rheinheimera,Rhizobium,Rhizoctonia,Rhizophydium,Rhizorhabdus,Rhodoblastus,Rhodococcus,Rhododendron,Rhodoferax,Rhodopseudomonas,Rhodotorula,Rhyacophila,Riemerella,Rodentibacter,Romboutsia,Roseomonas,Rothia,Rufibacter,Ruminococcus,Saccharimonas,Saccharomonospora,Saccharomyces,Salinibacterium,Salinimonas,Saliniradius,Salmonella,Sanguibacter,Schaalia,Scutellospora,Sebaldella,Segatella,Selenomonas,Serratia,Shewanella,Shigella,Siansivirga,Simiduia,Simonsiella,Singulisphaera,Skermanella,Sneathia,Solanum,Sphaerotilus,Sphingobium,Sphingomonas,Sphingosinicella,Spirirestis,Sporosarcina,Staphylococcus,Stenotrophomonas,Stranvaesia,Streptobacillus,Streptococcus,Streptomyces,Stutzerimonas,Succinivibrio,Sutterella,Taiwanofungus,Tannerella,Tardibacter,Tautonia,Tenuifilum,Tetragenococcus,Tetrasphaera,Thermoanaerobacterium,Thioclava,Thiomargarita,Thomasclavelia,Thoracostoma,Tolumonas,Tolypothrix,Totivirus,Treponema,Trichormus,Tripterygium,Triticum,Tropheryma,Tubulinosema,Tulasnella,Turicibacter,Undibacterium,Ureaplasma,Variovorax,Veillonella,Vogesella,Weissella,Xanthomonas,Yersinia,Yokenella,Zea,Zunongwangia
healthy_001,0.000599006,0,0,0,0,0,0,0.000718807,0,0,0,0,0,0.001257913,0,0,0,0,0,0,0,0,0,0,0,0,0,0,0,0.012938532,0,0,0,0,0,0,0,0,0,0,0,0,0,0,0,0,0,0,0,0,0,0,0.002575726,0,0,0,0,0,0,0,0,0,0,0,0.005750459,0,0,0,0.000898509,0,0,0,0,0,0,0,0,0,0,0.0097638,0,0.000539106,0,0,0,0.01072221,0,0,0.00101831,0,0,0,0.000539106,0,0,0,0,0,0.004732148,0,0,0,0,0,0,0.001856919,0.769483273,0,0,0,0,0,0,0,10.90927932,0,0,0.050436316,0,0,0,0,0,0,0,0.00191682,0,0,0,0.00191682,0,0,0,0,0,0,0,0.000539106,0.014196445,14.38513219,0,0.000419304,0,0,0,0.086795988,0,0,0,0.007247974,0,0.130523436,0,0,0,0,0,0,0,0,0,0,0,0,0,0,0.000599006,0,0.005271254,0,0,0,0,0,0,0,0,0.000419304,0.00682867,0.006409366,0,0,0,0,0,0,0,0,0,0,0,0,0,0,0.001797018,0,0,0,0,0,0,0,0,0.12309576,0,0.014196445,0,0.001078211,0.356827951,0,0,0,0,0,0,0,0,0,0.01371724,0.010063303,0,0,0.001377714,0,0,0,0,0,0,0,0,0,0.001797018,0,0,0,0,0,0,0,0,0,0,0.000718807,7.563590491,12.85029878,0.000898509,0,0,0,0,0,0,0,0,0,0,0,0,0.009703899,0.001198012,0,0,0,30.47251999,0,0,0,0,0,0,0,0,0,0.125851188,0,0,0,0,0,0,0,0,0,0,0.002156422,0,0,0,0,0,0,4.895197888,0,0,0,0,0,0,0,0.000419304,0,0,0,0,0,0,0,0.003174732,0,0.001317813,0,0,0,0,0,0,0,0,0,0,0,0,0,0.02833299,0,0,0,0,0,0,0,0,0,0,0.000718807,0,0,0,0,0,0,0,0.000838609,0,0,0,0,0,0,0,16.91048213,0,0,0,0,0,0,0.030130008,0,0,0,0,0,0,0,0,0,0,0,0,0.000778708,0,0,0,0,0,0,0,0,0,0,0,1.182617801,0,0,0,0,0,0,0,0.017670681,0,0,0,0,0,0,0,0,0,0,0,0,0.001497515,0,0,0,0.001437615,0,0,0,0,0,0,0,0,0.057205085,0,0,0,0,0,0,0.00485195,0,0.015334557,0,0,0,0,0,0,0,0,0,0.001257913,0,0,0,0.558573215,0,0,0,24.32336268,0,0,0,0,0,0,0,0,0,0,0,0,0,0,0,0,0,0,0,0,0,0,0.00191682,0,0,0,0,0,0,0,0.003294534,0,0.001078211,0.000479205,0.00778708,0.043787348,0,0
healthy_002,0.002376189,0,0,0.000565759,0.037113813,0,0,0,0,0,0,0,0.001414398,0,0,0,0,0,0,0,0.001018367,0,0,0,0,0,0,0,0,0.005714169,0,0,0,0,0.000565759,0,0,0,0,0,0,0,0,0,0,0,0,0,0,0.000678911,0,0,0,0,0,0,0,0,0,0,0,0,0,0,0.024384228,0,0,0,0.000735487,0,0,0,0,0,0,0,0.000452607,0,0,0,0,0,0.005204986,0,0,0,0,0,0,0,0,0,0,0,0,0.002036734,0,0.002036734,0,0,0,0,0,0,0,0.002545917,0,0,0,0,0.001357822,0,0,0,46.17761675,0,0,0,0,0,0,0,0,0,0,0.002036734,0,0,0,0,0,0,0,0,0.000905215,0,0,0,0,26.82423441,0,0,0,0,0,0.008260086,0.006393081,0,0,0,0,0.064779444,0,0,0,0,0,0.000848639,0,0,0,0,0,0,0,0,0.000396032,0.001244671,0.018726634,0,0,0,0,0,0,0,0.00152755,0.000565759,0,0.011541491,0,0,0,0,0.001584126,0,0,0,0,0,0,0,0,0,0,0,0.000452607,0,0,0,0,0,0,0,0,0,0.000396032,0.001470974,0,0,0.000678911,0,0,0,0,0,0,0,0,0,0,0,0.002715645,0,0,0,0,0.003677436,0,0.000452607,0,0,0,0,0.000565759,0,0,0,0,0,0.000565759,0,0,0,0,0,0.00181043,0,0,0,0,0,0.003281404,0,0,0,0,0,0,0,0,0.000509183,0,0,53.36027102,0,0,0,0,0,0.003394556,0,0,0,0.487797703,0,0,0,0,0,0,0.00667596,0,0,0,0,0,0,0,0,0,0,0,0,0,0,0,0,0,0,0,0.000396032,0,0,0,0,0.003507708,0,0,0,0,0,0,0,0,0,0,0,0,0,0,0,0,0,0.062686135,0,0,0.001753854,0,0,0,0,0,0,0,0,0,0,0,0,0,0,0,0,0,0,0,0,0,0,0,0,0,0,0.051031492,0,0,0,0,0,0,0,0.001980158,0,0.000678911,0.002036734,0,0.000678911,0,0,0,0,0,0,0,0,0,0,0.004299771,0,0,0,0,0,0.000452607,0,0,0,0,0.007128568,0,0.001470974,0.001357822,0.000452607,0,0,0.000678911,0,0,0,0,0,0,0,0.002376189,0,0,0,0.01391768,0,0,0,0,0,0,0,0.000565759,0,0,0.003734012,0,0.000452607,0,0,0,0,0,0,0,0,0,0,0,0.001244671,0,0.001244671,0.000565759,0,0,0,0.013747952,0,0,0.000452607,0.293855401,0.010409972,0.005883897,0,0,0,0,0,0,0,0.004752378,0,0,0,0,0,0,0,0,0,0,0,0,0,0,0,0,0.002149885,0,0,0,0.004922106,0,0.000905215,0,0,0,0,0
healthy_003,0,0,0,0,0.030910346,0,0,0.01052128,0,0.000784195,0,0,0,0,0.002352584,0,0.001045593,0,0,0,0,0,0,0,0,0,0,0,0.001045593,0,0,0,0,0,0,0,0,0,0,0,0,0,0,0,0,0,0,0,0,0,0.007972647,0,0,0,0,0,0,0.010063833,0.099723441,0,0.002156536,0,0,0,0,0,0,0,0,0,0,0.174810094,0.000718845,0,0,0,0,0,0.000849544,0,0,0,0,0,0,0,0,0,0,0,0,0.000522797,0,0,0,0,0,0.004705169,0,0,0,0,0.000457447,0,0,0.000849544,0,0.000784195,0.000457447,0.000522797,0,0,0,0.000784195,77.01766791,0,0,0,0,0.025420982,0,0,0,0,0,0.003920974,0.000457447,0,0,0,0.002091186,0,0,0,0,0,0,0,0,0,0,0,0,0,0,0,0,0,0.00143769,0,0,0.096913409,0,0.000457447,0.005097266,0,0,0,0,0,0,0,0,0.000718845,0,0,0,0,0.041823723,0,0,0,0,0,0,0.000522797,0,0,0,0.000784195,0,0,0,0,0,0,0,0,0.00143769,0,0,0,0.000588146,0,0,0.001045593,0,0,0,0,0,0,0,0,0,0,0,0.002744682,0,0,0,0,0,0.000653496,0.000522797,0.003136779,0,0,0,0,0,0,0,0,0.000522797,0,0,0,0.034308523,0,0,0,31.55233978,0.001110943,0.000784195,0,0,0,0,0,0.005489364,0,0.000522797,0,0,0,0.002287235,0,0,0,0.000784195,0,0,0,0,0,0,0,0.000653496,0,0,0.004770518,0,0,0.004705169,0,0,0,0,0,0,0.000522797,0,0,0.001045593,0,0,0,0,0,0.000784195,0.01065198,0,0,0,0,0,0,0.000522797,0,0,0,0,0,0,0,0,0,0.079661123,0,0,0,0,0,0,0,0,0,0,0,0,0.005358665,0,0,0,0,0,0.001306991,0,0,0,0,0.000784195,0,0.050188468,0,0.000784195,0,0,0,0.000522797,0,0,0,0,0,0,0,0,0,0,0,0,0,0,0,0,0.000653496,0.004182372,0,0,0,0,0,0.036595758,0.001176292,0,0.003528877,0,0,0,0,0,0,0,0,0,0,0,0,0,0,0,0,0,0,0,0,0.014899701,3.649969416,0,0,0.001045593,0,0,0.002875381,0,0.001764438,0,0.032609434,0,0,0,0.002091186,0.000653496,0.000522797,0,0,0.013396661,0,0,0,0,0,0,0,0,0,1.501406323,0,0.001176292,0,0,0.00450912,0,0,0,0,0,0.000914894,0.001699089,0,0,0,0,0,0,0,0,0,0,0,0,0,0,0,0.001633739,0,0,0,9.345641707,0.000784195,0.002221885,0,4.497095865,0,0.026009128,0,0,0,0,0,0,0,0,0,0,0,0,0,0,0,0,0.018036481,0,0,0,0,0,0,0,0.002483284,0,0,0,0.00914894,0,0,0,0,0,0,0
healthy_004,0,0,0,0,0.024778176,0,0,0,0,0,0,0,0,0,0,0,0,0,0,0,0,0,0,0,0,0,0,0,0,0,0,0,0,0,0,0,0,0,0,0,0,0,0,0,0,0,0,0,0,0,0,0,0,0,0,0,0,0,0,0,0,0,0,0,0,0,0,0,0,28.88427412,0,0,0,0,0,0,0,0,0,0,0,0,0,0.007669436,0,0,0,0,0,0,0,0,0,0,0,0,0,0,0,0,0,0,0,0,0,0,0,0,0,0,0,0,0,0,0,0,0,0,0,0,0,0,0,0,0,0,0,0,0,0,0,0,0,0,0,0,0,0,0,0,0,0,0,0,0,0,0,0,0,0,0,0.035397395,0,0,0,0,0,0,0,0,0,0,0,0,0,0,0,0,0,0,0,0,0,0,0,0,0,0,0,0,0,0,0,0,0,0,0,0,0.002949783,0,0,0,0,0,0,0,0,0,0,0,0,0.002359826,0,0,0,0,0,0,0,0,0,0,0,0,0,0,0,0,0,0,0,0,0,0,0,0,0,0,0,0,0,0,0,0,0,0,0,0,0,0,0,0,0,0,0,0,0,0,0,0,0,0,0,0,0,0,0,0,0,0,0,0,0,0,11.10239286,0,0,0,0,0,0,0,0,0,0,0,0,0,0,0.002359826,0,0,0,0,0,0,0,0,0,0,0,0,0,0,0,0,0,0,0,0,0,0,0,0,0,0,0,0,0,0,0,0,0,0,0,0,0,0,0,0,0,0,0,0,0.02418822,0,0.002359826,0.005899566,0,0,0,0,0,0,0,0,0,0,0,0,0,0,0,0,0,0,0,0,0,0,0,0,0,0,0.01032424,0,0,0,0,0,0,0,0,0,0,0,0,0,0,0,0,0,0.006784501,0,0,0,0,0,0.005604588,0,0,0,0,0.33450538,0,0,0,0,0,0.024778176,0,0,0,0,0,0,0,0,0,0,0,0.002949783,0,0,0,0,0,0,0,0,0,0,0,0,0,0,0,0,0,0,0,0,0,0,0,0,0,0,0,0,0,0,0,0,0,0,0,0,0,0,0.073154616,0,0,0,0.228313196,0,0.008849349,0,0,0,0,0,0,0,0,0,0,0,0,0,0,0,0,0,0,0,0,0,0,0,0,0.008259392,0,0,0,0,0,0,0,0,0,0,0
healthy_005,0.012451869,0,0.000798197,0,0.004629541,0,0.090196229,0.105521606,0.002953328,0,0.015085918,0.005587377,0,0.003112967,0,0.004230443,0,0,0,0,0,0,0,0,0,0.003033148,0,0.008540705,0,0,0,0,0,0,0,0.00239459,0,0,0,0,0.000558738,0,0,0,0,0,0,0,0.000878016,0.007103951,0,0.000957836,0,0.000638557,0.003432246,0.014048262,0.000798197,0,0,0.001436754,0,0,0.000798197,0,0.011813311,0.207850424,0,0,0.002234951,0,0.000558738,0,0.003671705,0,0.001117475,0,0.000718377,0,0.001037656,0,0,0,0,0.00965818,0,0.000957836,0,0,0.007822328,0.072476262,0.001197295,0,0,0.007981967,0,0,0,0,0,0,0.005268098,0,0,0,0,0.072396442,0,0,0,0,0,0.032007688,0.000558738,0,50.68365549,0,0.001277115,0,0,0,0.000798197,0,0,0,0,0.05834818,0,0,0,0,0,0.043102623,0.000718377,0,0.033524262,0,0,0,0,26.02177161,0,0,0.005427738,0.001037656,0,0.032406787,0.028176344,0,0,0,0,0.076227786,0,0,0.002075311,0,0,0,0,0.000798197,0.002634049,0.001117475,0.002155131,0,0,0,0.374274439,0,0.236186408,0.001676213,0.003432246,0.001756033,0.002234951,0,0.001037656,0,0.042863164,0.025143196,0,1.645003608,0,0,0,0.000878016,0,0.002155131,0,0.008221426,0.000957836,0,0,0,0,0,0,0.001117475,0,0,0,0,0,0,0.013090426,0,0.000798197,0,1.980086588,0.001436754,0,0,0,0.008620525,0.011414213,0.002873508,0,0.003033148,0.069842212,0,0,0,0,0.000798197,0.05834818,0,0,0,0,0,0.00247441,0,0,2.202943111,0.134496146,0,0.002234951,0,0,0,0.000957836,0.008780164,0,0.001197295,0,0.001756033,0,0,0.002713869,0,0,0,0.002554229,0,0.003512066,0.00239459,0.000558738,0,0,0,0,0,0,0.006385574,0.003751525,0,0.002873508,0,0,0,0.002713869,0.001197295,0,0,0,0.001277115,5.692260046,0,0.000957836,0,0.000638557,0,0,0.012531688,0,0,0.001037656,0,0.001356934,0,0.001596393,0.133298851,0,0,0,0,0,0,0,0.001117475,0,0,0,0.006225934,0.002075311,0,0,0.000638557,0,0,0,0.001676213,0,0,0,0,0.000558738,0.000558738,0.002873508,0,0.001356934,0.005108459,0,0.013968442,0,0,0.010376557,0.004709361,0,0.013090426,0,0,0,0,0,0,0.001756033,0,0,0.011893131,0.000878016,0,0.001356934,0.001436754,0,0,0,0,0.000878016,0,0,0,0.000798197,0,0,0.00247441,0.037195967,0,0,0,0,0,0.002953328,0,0,0,0.225410752,0,0,0,0,0,0,0,0,0.000638557,0.001436754,0.00231477,0,0,0.017400688,0,0,0,0,0,0,0,0.000638557,0,0.001356934,0.023067885,0.005906656,0,0,0,0,0,0.001037656,0.000798197,0.003990984,0,0,0,0.005906656,0,0,0,0,0.001835852,0.604634011,0.007103951,0,0,0,0,0.001277115,0,0,0,0,0.11174754,0,0,0,0.000878016,0.000718377,0,0,0,0,0,0,0,0,0,0,0,0.019875098,0.008540705,0,0.000638557,16.33357918,0,0,0.001277115,8.484352152,0.005906656,0.005507557,0,0,0,0.009418721,0.003432246,0,0,0,0,0.001197295,0,0,0,0.002075311,0,0,0,0,0,0,0,0,0,0,0.028575442,0,0,0,1.246703448,0,0,0,0,0,0,0
healthy_006,0,0,0,0,0.044531528,0,0.001228456,0,0,0,0,0,0,0,0,0,0,0,0,0,0,0,0,0,0,0,0,0,0,0.001842684,0,0,0,0,0,0,0,0,0,0,0,0,0,0,0,0,0,0,0,0,0,0,0,0,0,0,0,0,0,0.001689127,0,0,0,0,0,0,0,0,0,0,0.001228456,0,0.001842684,0,0,0,0,0,0,0,0,0,0,0,0,0,0,0,0,0,0,0,0.001842684,0,0,0,0,0.002456912,0,0,0,0,0,0,0,0,0,0,0,0,0,0,0,0,5.900734617,0,0,0,0,0,0,0,0,0,0,0.061576355,0,0,0,0,0,0,0,0,0,0,0,0,0,4.652623368,0,0,0,0,0,0.039310591,0,0,0,0,0,0.085991917,0,0,0,0,0,0,0,0,0,0,0,0,0,0,0.001842684,0,0.017659054,0,0,0,0,0,0,0,0,0.005067381,0,0.03731435,0,0,0,0,0,0,0,0,0,0,0,0,0,0,0,0,0,0,0,0,0,0,0,0,0,0,0,0.00460671,0,0,0,0,0,0,0,0,0,0,0,0,0,0,0.011670332,0,0,0,0,0,0,0,0,0,0.00460671,0,0,0,0,0,0,0,0.001689127,0,0,0,0,0,0.03577878,0,0,0,0.002456912,0,0,0,0.001689127,0,0,0,0,0,0,0,0,0,9.861890839,0,0,0,0,0,0,0,0,0,0.018273282,0,0,0.001842684,0,0,0,0,0.002149798,0,0,0,0,0,0,0,0,0,0,0,0,0,0,0,0,0,0,0,0,0,0,0,0,0,0,0,0,0,0,0,0,0,0,0,0,0,0,0,0,0,0.007984964,0,0,0,0,0,0,0,0,0.003531811,0,0,0,0,0,0,0,0,0,0,0,0,0,0,0,0,0,0,0,0,0.043303072,0,0,0,0,0,0,0,0,0,0.003838925,0,0,0,0,0,0,0,0,0,0,0,0,0,0.006602951,0,0,0,0.002149798,0,0,0,0,0,0,0.037621464,0,0,0,0,0,0,0,0,0,0,0,0,0,0,0,0,0,0,0.022572878,0,0,0,0,0,0,0,0,0,0,0,0,0,0,0.003378254,0,0,0,0,0,0,0,0,0,0,0,0,0,0,0,0,0,0,0,0,0.089523728,0,0.004913824,0,0,0,0,0,0,0,0,0,0,0,0,0,0,0,0,0,0,0,0,0,0,0,0,0,0,0,0,0.00921342,0,0,0,0,0,0,0
healthy_007,0,0,0,0,0.443155844,0,0.009104421,0.002590689,0,0,0,0,0,0,0,0.001776472,0,0,0,0,0,0,0,0,0,0,0,0,0,0.021243649,0,0,0,0,0,0,0,0,0,0,0,0,0,0,0.005477457,0,0,0,0,0,0,0,0,0,0,0,0,0,0,0.001110295,0,0.000962256,0,0,0.001776472,0.002886768,0,0,0.000518138,0,0.000518138,0,0,0,0,0,0,0,0,0,0,0,0,0.000592157,0,0,0,0,0.024574535,0,0,0,0.007994126,0,0,0,0,0,0,0,0,0,0,0,0,0,0,0,0,0,0.001554413,0,0,0,3.617934081,0,0,0,0,0,0,0,0,0,0,0.002812748,0,0,0,0,0,0,0,0,0,0,0,0,0,1.627174698,0,0,0.003034807,0,0,0.012065208,0,0.029903952,0,0,0,0.095115293,0,0,0,0,0,0,0,0,0,0,0,0,0,0,0.024500515,0,0.006735791,0,0,0.000740197,0,0,0,0,0,0.000666177,0,5.566502244,0,0,0.000518138,0,0,0,0.001554413,0,0,0,0.000592157,0.003034807,0,0,0,0,0,0,0,0,0,0,0,0.001036276,0,0,0,0.001924512,0,0,0,0,0,0,0,0,0.00244265,0,0,0,0,0,0.005625496,0,0,0,0.000888236,0,0.001110295,0,0,0,0,0,0,0,0,0,0,0,0,0,0,0,0,0,0,0,0,0,0.000888236,0,0,0,0,0,0,0,0,0.000666177,0,0,0,0,93.03089878,0,0,0,0,0,0,0,0,0,0.337825835,0,0,0,0,0,0,0.002886768,0,0.001554413,0,0,0,0,0,0,0,0,0,0,0,0,0,0,0,0,0,0.000740197,0,0,0,0,0,0,0,0,0,0,0,0,0,0,0,0,0,0,0,0.003182846,0,0,0.0139157,0.000592157,0.000740197,0,0.001184315,0.000592157,0,0,0,0,0,0,0,0,0,0,0,0,0.001258335,0,0,0,0,0,0,0,0,0,0,0,0.040340727,0,0,0,0,0,0,0,0.039156412,0,0.034641212,0.000592157,0,0,0,0,0,0,0,0,0,0,0,0,0.011991189,0,0,0,0,0.011102952,0,0,0,0,0,0.040118668,0,0,0,0,0,0,0,0,0,0,0,0,0,0,0,0,0,0,0.020281393,0,0,0,0,0,0,0,0,0,0,0,0,0,0,0.001184315,0,0,0,0,0,0,0.004441181,0.001628433,0,0,0,0,0.001628433,0,0,0,0.003256866,0,0,0,0.988458851,0,0.002072551,0,0,0,0.001184315,0,0,0.00244265,0,0,0,0,0,0,0,0,0,0,0.014655897,0,0,0,0,0,0,0,0,0,0,0.003700984,0,0,0,0,0,0,0
healthy_008,0,0,0,0.000621884,0.004477567,0,0,0,0,0,0,0,0,0,0,0.000995015,0,0,0,0,0,0,0,0,0,0,0,0,0,0,0,0,0,0,0,0,0,0,0,0,0,0,0,0,0,0,0,0,0,0,0,0,0,0,0,0,0,0,0,0,0,0,0,0,0,0,0,0,0,0,0,0,0.001492522,0,0,0,0,0,0,0.000995015,0,0,0,0.001243769,0,0,0,0,0.001492522,0,0,0,0,0,0,0,0,0.001741276,0,0,0,0.002114407,0,0,0,0.000435319,0,0,0,0,0,0.000621884,0,0,0.021330634,0,0,0,0,0,0,0,0,0,0.001368146,0.003544741,0,0,0,0,0,0,0,0,0,0,0,0,0,0,0,0,0.009763584,0,0,0.002860668,0,0,0,0,0,0.051802967,0,0,0,0,0,0,0,0,0,0,0,0,0,0.001057203,0,0,0.003482552,0,0,0,0,0,0,0,0,0.002736291,0,0.00677854,0,0,0,0,0,0,0,0,0,0,0,0,0,0,0,0,0.000497507,0,0,0,0,0,0,0.001305957,0,0,0,0,0,0,0,0,0,0,0,0,0,0,0,0,0,0,0.007276047,0,0,0,0,0,0.000497507,0,0.001243769,0,0,0,0,0,0,0,0,0,0,0,0,0,0,0,0.000621884,0,0,0,0,0,0,0,0,0.001305957,0,0,0,0,0,0.00080845,0,0,0.004104437,0,0,0,0,0,0,0,0,0,0.063867524,0,0,0,0,0,0,0,0,0,0,0,0,0,0,0,0,0,0,0,0,0,0,0,0,0,0,0.001679088,0,0,0,0,0,0,0,0,0,0,0,0,0,0,0,0,0,0,0.001305957,0,0,0,0.037002119,0,0.000995015,0.001492522,0,0,0,0.000995015,0,0,0,0,0,0,0,0,0,0,0,0,0,0,0,0,0.000559696,0,0,0,0.001368146,0,0.029663884,0,0,0,0,0,0.000621884,0,0,0,0,0.000435319,0,0,0,0,0,0,0,0,0,0,0,0,0.004477567,0,0,0,0,0,0,0,0,0,0,0.032151421,0,0,0,0,0,0,0.001616899,0,0.000497507,0,0,0,0,0,0,0,0,0,0,0,0,0,0,0,0,0,0,0.001741276,0,0,0,0,0,0,0,0,0,0,0,0,0,0,0,0,0,0,0.000746261,0,0,0,0.002985045,0,0,0,0.015858051,0,0.009763584,0,0,0,0,0,0,0,0,0,0,0,0,0,0,0.001803465,0,0,0,0,0,0.001865653,0,0,0.000621884,0,0,0.000497507,0,0.008644193,0,0,0,0,0,0,0
healthy_009,0,0,0,0,0,0,0,0,0,0,0,0,0.000787149,0,0,0,0,0,0,0,0,0,0,0,0,0,0,0,0,0,0,0,0,0,0,0.00214677,0,0,0,0.006154075,0,0,0,0,0,0,0,0,0,0,0,0,0,0,0,0,0,0,0,0,0,0,0,0,0,0,0,0,0,1.190241068,0,0,0.002003652,0,0,0,0,0,0,0,0,0,0,0.00143118,0,0,0,0,0,0,0,0,0,0,0,0,0,0.003363274,0,0,0,0,0,0,0,0,0,0,0,0,0,0,0,0,0.003864187,0,0,0,0,0,0,0,0,0,0,0.003148597,0,0.00071559,0,0.000787149,0,0,0,0,0,0,0,0,0.000858708,0,0,0,0,0,0,0.004436659,0,0,0,0,0,0.060825161,0,0,0,0,0,0.002289888,0,0,0,0,0,0,0,0,0,0,0.001288062,0,0,0,0,0,0,0,0,0,0,0.048946365,0,0,0,0,0,0,0,0,0,0,0,0,0,0,0,0,0,0,0,0,0,0,0,0,0,0,0,0.001502739,0,0,0,0,0,0,0,0,0,0,0,0,0,0,0,0,0,0,0,0,0.002647683,0,0,0,0,0,0,0,0,0,0,0,0,0,0,0,0,0,0.001288062,0,0,0,0.001216503,0,0,0,0,0,0,0,0,0,0,0,0,0,3.150886473,0,0,0,0,0,0,0,0,0,0.028122692,0,0,0,0,0,0,0,0,0,0,0,0,0,0,0,0,0,0,0,0,0,0,0,0,0,0,0,0,0,0,0,0,0,0,0,0,0,0,0,0,0,0,0,0,0,0,0,0,0,0.032129997,0,0.004794454,0,0,0,0,0,0,0,0,0,0,0,0,0,0,0,0,0,0,0,0,0,0,0,0,0,0.000858708,0,0.04064552,0,0,0,0,0,0,0,0.012594386,0,0.000500913,0,0,0,0,0,0,0,0,0,0,0,0,0,0.004579777,0,0,0,0,0,0,0,0,0,0,0.05581603,0,0.000572472,0.000572472,0,0,0,0,0,0,0,0,0,0,0,0,0,0,0,0.008443964,0,0,0,0,0,0,0,0,0,0,0,0,0,0,0,0,0,0,0,0,0,0,0,0,0,0,0.000858708,0.000930267,0,0,0,0,0,0,0,0.012451268,0,0.010018262,0,0,0,0,0,0,0,0,0,0,0,0,0,0,0,0,0,0,0,0,0,0,0,0,0,0,0,0,0.003721069,0,0,0,0,0,0.005581603,0
healthy_010,0,0,0,0,0.010786203,0,0,0.386186402,0,0,0,0,0,0,0,0,0,0,0,0,0,0,0,0.003528197,0,0,0.027015911,0,0,0,0,0,0,0,0,0.001008056,0,0,0,0,0.005745921,0,0,0,0,0,0,0,0,0,0,0,0,0,0,0,0,0,0,0,0,0,0,0,0.00161289,0.012298288,0,0,0,0,0,0,0.000907251,0,0,0.007963645,0,0,0,0,0,0,0,0,0,0,0,0,0,0,0,0,0.002620947,0,0,0.029838469,0,0.002016113,0,0,0,0,0,0,0,0.063003524,0,0.002016113,0,0.000705639,0,0,0,0,102.2170184,0,0.001411279,0,0,0,0,0.001411279,0,0.003427392,0,0.073688922,0,0,0,0,0,0,0.000806445,0,0,0,0,0,0,0,0,0,0,0,0,0.004032226,0,0.002016113,0,0,0,0.048689123,0.000806445,0,0,0,0.006552367,0,0,0,0,0,0,0,0,0,0.028628801,0,0.084273514,0,0,0,0,0.005947533,0,0,0,0.014314401,0,0.278021951,0,0,0,0,0,0,0,0,0,0,0,0,0,0,0,0,0,0,0,0,0,0,0,0.000806445,0,0,0,0.001411279,0,0,0,0.001209668,0,0,0,0,0,0.013810372,0,0,0,0,0.032963444,0,0,0,0,0,0,0,0.003024169,0,0.017036153,0,0,0,0,0,0,0,0,0,0,0,0,0,0.002419335,0,0,0,0.008669285,0,0,0,0.005241893,0,0,0.001209668,0,0,0,0.001411279,0,0,0.194655688,0.00231853,0,0,0,0,0,0,0,0,0.928117515,0,0,0,0,0,0,0.002923364,0,0,0.000806445,0,0,0,0,0.001915307,0,0,0,0,0.001512085,0,0,0,0,0,0,0,0,0,0,0,0.001713696,0,0,0,0,0,0.001512085,0,0,0,0,0,0,0,0,0.000806445,0,0,0.06633011,0.00554431,0.001209668,0.001209668,0,0.001411279,0,0,0,0,0,0,0.002016113,0,0,0,0,0,0,0,0,0,0,0,0,0,0,0,0,0,0.038406948,0,0,0,0,0.001108862,0,0,0,0,0.129736857,0.001008056,0,0,0,0,0,0,0,0,0,0,0,0,0.01179426,0,0,0,0,0,0,0,0,0,0,0.039616616,0,0,0,0,0,0,0.003629003,0,0,0.001310473,0,0,0,0,0.097882275,0,0,0,0.091329909,0,0,0,0,0,0,0,0,0.000907251,0,0.45140765,0,0,0,0,0.001008056,0,0,0.000705639,0,0,0,0,0,0,0,0,0.004637059,0,0,0,0.024898993,0,0,0,2.481834824,0,0.004838671,0,0,0,0,0,0,0,0,0,0,0,0,0,0,0,0,0,0,0,0,0,0,0,0,0,0,0,0,0.840920638,0,0,0.001209668,0,0,0,0.000806445
healthy_011,0.000614281,0,0,0.004146395,2.934880092,0.000537496,0,0.024340877,0,0,0,0,0.00345533,0,0,0.000844636,0,0,0,0.001074991,0,0,0.002303553,0,0,0,0,0,0,0.090452848,0,0.001228562,0,0,0,0.000767851,0,0.000614281,0.002533908,0,0,0,0,0,0,0,0,0,0,0,0.000614281,0,0,0,0,0,0,0,0,0,0,0,0,0.002764264,0,0.020962332,0,0.001074991,0,0,0,0,0,0,0,0.002380338,0,0.000537496,0,0,0,0,0,0,0,0,0,0,0,0,0,0,0,0.002073198,0,0,0,0.001228562,0,0,0,0,0,0.000921421,0,0.004683891,0,0,0,0,0.001382132,0.000767851,0,0,4.848057644,0,0,0,0,0,0,0,0.001842842,0,0,0.023880166,0,0,0.000767851,0,0,0,0,0,0,0,0.003378544,0,0,3.399813873,0,0,0,0.002226768,0.002149983,0,0.003071404,0,0,0,0,0.066419112,0,0,0,0,0,0,0,0,0,0,0,0,0,0,0.031405106,0,0.097824217,0.001074991,0,0,0,0,0,0,0,0.00783208,0,1.595824733,0,0,0,0,0,0,0,0,0,0,0,0,0,0.003378544,0,0,0,0.004607106,0.005835668,0,0,0,0,0,0,0,0,0.000614281,0,0,0,0.001996413,0,0,0,0,0,0.002380338,0,0,0.000767851,0,0.004376751,0,0,0,0,0,0.000767851,0,0,0,0.004223181,0,0,0,0,0,0,0,0,0,0,0,0,0,0.004991032,0,0.023880166,0,0.000921421,0.000537496,0.000767851,0,0,0,0.000614281,0,0,0,0,0,0.001535702,0.005682097,678.7693038,0,0,0,0,0,0,0,0,0,5.781073394,0,0,0,0,0,0,0.001074991,0,0,0,0,0,0.001535702,0,0,0,0.001996413,0,0.001689272,0,0,0.001458917,0.000691066,0,0.000998206,0,0.010596344,0,0,0.011210625,0,0,0,0,0,0,0,0,0,0,0,0,0,0,0.0036089,0,0.000767851,0,0,0.012976682,0.004453536,0,0.003532115,0,0,0,0.001996413,0,0,0,0,0,0,0,0,0,0,0,0,0.003224974,0,0,0,0,0,0,0,0,0,0.010058848,0,0,0,0,0,0,0,0,0,0.039390756,0.002073198,0.005221387,0,0,0.000537496,0,0,0,0,0,0,0.001305347,0.00752494,0,0,0,0,0.000921421,29.44731621,0,0,0,0,0,0.003071404,0,0,0,0,0,0,0,0,0,0,0,0,0,0.000614281,0.001535702,0,0,0,0.048912109,0,0,0,0,0,0,0,0.013514178,0,0,0.039390756,0,0,0,0,0,0,0,0,0,0,0.000537496,0,0,0,0,0,0.001919628,0,0,0,0.014973095,0.002303553,0,0.001074991,0.91374269,0,0.006373163,0,0,0,0,0,0.000537496,0,0,0.000921421,0,0,0,0.001151777,0,0,0,0,0,0,0.001535702,0,0,0,0,0,0.00783208,0,0.001228562,0.12254902,0.001305347,0,0,0,0,0,0
healthy_012,0.003587985,0,0,0,0.30677268,0,0.008611163,0.038750233,0,0,0,0,0,0,0,0,0,0,0,0,0,0,0,0,0.00932876,0,0,0,0,0.059560544,0.010046357,0,0,0,0,0,0,0,0,0,0,0,0,0,0,0,0,0,0,0.008072965,0,0,0,0,0,0,0,0,0,0.001435194,0,0,0,0,0,0,0,0,0,0,0,0,0,0,0,0,0,0,0,0,0,0,0,0,0,0,0,0,0.009149361,0,0.001435194,0,0.009866958,0,0,0,0.003587985,0,0,0,0,0,0,0,0,0,0,0,0,0,0,0,0,0,26.90701379,0,0,0,0,0,0,0,0,0,0,0.006458372,0,0,0,0.003587985,0,0,0,0,0,0,0,0,0,16.36946195,0,0,0,0,0.003767384,0.005561376,0,0,0,0,0.001435194,0.584303285,0,0,0,0,0,0,0,0,0,0,0,0,0,0,0.080729653,0,0.033368256,0,0,0,0,0,0,0,0.001435194,0.001255795,0,11.63224593,0,0,0,0,0,0,0,0,0,0,0,0,0,0,0,0,0,0,0,0,0,0,0,0,0,0,0.001793992,0,0,0,0,0,0,0,0,0,0,0.001435194,0,0,0,0,0.007175969,0,0,0,0,0,0.001435194,0,0,0,0,0,0,0,0,0,0,0,0,0,0,0,0,0,0,0,0,0.002511589,0,0,0,0,0,0,0,0,0,0,0,0,0,0,675.5887883,0,0,0,0,0,0,0,0,0,0.301570102,0,0,0,0,0,0,0,0,0,0,0,0,0,0,0,0,0,0.005381977,0,0,0,0,0,0,0,0,0,0,0,0,0,0,0,0,0,0,0,0,0,0,0,0,0,0,0,0,0,0,0,0.003049787,0,0,0,0,0,0,0,0,0.005920175,0,0,0,0,0,0,0,0,0,0,0,0.001255795,0,0,0,0,0,0,0,0,0.03031847,0,0,0,0,0,0,0,0.024936493,0.001435194,0.004305581,0.005740775,0,0,0.001973392,0,0,0,0,0,0,0,0,0,0.015966531,0,0.0231425,0,0.00466438,0.047720195,0,0,0,0.003229186,0,0.005740775,0,0,0,0,0,0,0,0,0,0,0,0,0,0,0,0,0,0,0.080550253,0,0,0,0,0,0,0,0,0,0,0.007355368,0,0,0,0,0,0,0,0,0,0,0,0,0,0,0,0,0.002152791,0,0,0,0,0,0,0,0.334938358,0,0.010943353,0,0,0,0.020630911,0,0,0,0,0,0,0,0,0,0,0,0,0,0,0,0,0,0,0.001435194,0,0,0,0,0,0.017939923,0,0,0,0,0,0,0
healthy_013,0,0,0,0.000309727,0.543964274,0,0.016331036,0.015542641,0,0,0,0,0.000534982,0.002449655,0,0.033619408,0,0,0,0,0,0,0.000563139,0,0,0.005518764,0,0,0,0.045051133,0.000957337,0.000225256,0.000253413,0,0,0,0,0.0022244,0.004392485,0,0.001379691,0,0.001069964,0.000337883,0,0.021821643,0,0,0,0,0.000225256,0,0,0.000197099,0,0,0,0,0,0,0,0,0,0,0.011994864,0,0.000450511,0,0.001407848,0,0.002055458,0,0,0.000394197,0,0,0,0,0,0.00036604,0,0,0.00036604,0.000450511,0,0.001492319,0.001210749,0.000197099,0.132309546,0,0,0,0.033647565,0.00064761,0,0,0,0.000957337,0,0,0,0,0,0,0.000619453,0.018837005,0,0,0,0.000675767,0,0.000422354,0,0,25.80562689,0,0,0,0,0,0,0,0,0,0,0.001633104,0,0.000253413,0.00036604,0,0,0,0,0.00028157,0,0.00036604,0,0,0,19.74143465,0.000788395,0,0.00028157,0.000253413,0.0022244,0.003491463,0.185075686,0,0,0,0,0.022694508,0,0,0,0,0,0,0.000253413,0,0,0,0,0,0.000225256,0,0.17003987,0,0.082950399,0,0,0,0,0,0.00129522,0,0.000563139,0.002196243,0,5.402165833,0.000563139,0,0,0,0,0,0.012079335,0,0.001182592,0.00028157,0,0,0,0,0,0,0,0,0.004617741,0,0.005096409,0,0.006138217,0.00129522,0,0,0,0.001914673,0,0.000225256,0,0.006588728,0,0,0,0.001154435,0.02128666,0.00028157,0,0,0.002477812,0,0.040236293,0.000957337,0,0,0,0.000619453,0.001689417,0,0,0,0.003491463,0,0,0.002308871,0.000732081,0,0,0,0.000422354,0.007883948,0,0,0,0,0.001210749,0.000985494,0.001492319,0.000225256,0,0,0.000253413,0,0.00028157,0,0,0,0,0.001154435,0,0.001182592,0.00481484,0,134.1871649,0,0.000506825,0,0,0,0,0,0,0.001717574,7.563691039,0.000394197,0,0,0,0,0,0,0,0.000619453,0.000309727,0,0,0,0,0,0,0,0.000760238,0,0.000253413,0.000844709,0.001745731,0.001914673,0,0.000450511,0,0.00092918,0,0,0,0,0.094917106,0,0,0,0,0,0,0.000534982,0.000394197,0,0,0,0,0,0,0,0,0.000197099,0.025369419,0,0.000675767,0.00064761,0,0.002477812,0,0,0.00028157,0.003716718,0,0,0,0,0,0.001351534,0,0.000225256,0.00028157,0,0,0,0,0,0.001802045,0.000309727,0,0.000394197,0,0,0.021540073,0,0,0,0,0,0,0.000197099,0,0,0.170208812,0.010615173,0,0,0,0,0.0022244,0,0,0,0,0,0.000197099,0,0.011544353,0,0,0.003266207,0.000534982,0.133238726,0,0,0,0,0,0.017738884,0,0,0.00028157,0,0,0,0,0,0,0,0,0,0,0,0.011825922,0.000703924,0,0,0.3397137,0,0,0.00028157,0.000506825,0,0,0,0.001999144,0.001830202,0.000619453,0.008362617,0,0,0.011093842,0.002562283,0.001126278,0.00028157,0.000450511,0,0.001379691,0.000197099,0,0,0.000337883,0,0.00157679,0.00028157,0.001492319,0,0,0,0.001436005,0.000619453,0,0.020075911,0.298942425,0,0.001717574,0,0,0,0.002731225,0,0,0,0,0,0,0,0,0,0,0,0,0,0.003153579,0,0,0,0.000253413,0,0,0,0,0,0.000253413,0.181753165,0,0,0,0,0,0,0
healthy_014,0,0,0,0.00255524,13.74695694,0,0,0,0,0,0,0,0,0,0,0,0,0,0.626730594,0,0,0,0,0,0,0,0,0,0,0.412555054,0,0,0,0,0,0,0,0,0.002787534,0,0,0,0,0.032753526,0,0,0,0,0,0,0,0,0,0,0,0,0,0,0,0,0,0,0,0,0,0.036237944,0,0,0,0,0,0,0,0,0,0,0,0,0,0,0.002322945,0,0,0,0.004413596,0.003949007,0,0,0.02624928,0,0,0,0.018815855,0,0.001858356,0,0,0,0,0.001626062,0,0,0,0,0,0.005575068,0.018583561,0,0,0,0,0,0,0,9.924550742,0,0,0,0,0,0,0,0,0,0,0.190946089,0,0,0,0,0,0,0,0,0,0,0,0,0,4.024967014,0,0,0,0,0.004181301,0.00975637,0,0,0,0,0,0.149365371,0,0,0,0.002090651,0,0,0,0,0,0.001858356,0,0,0,0,0,0,0.003252123,0.002322945,0,0,0,0,0,0,0,0.010685548,0,0.045065135,0.013937671,0.010685548,0,0,0,0,0,0,0,0,0,0,0,0.630679601,0,0,0,0,0,0,0,0,0,0.013008493,0,0,0,0,0,0,0,0,0,0,0,0,0,0.018583561,0,0,0.006504246,0,0.060861162,0,0,0,0.001858356,0,0,0,0,0,0.04065154,0,0,0,0,0.012311609,0,0,0,0,0,0,0,0,0.003716712,0,0,0,0,0,0,0,0.006968835,0,0,0,0,0.011150137,0,0,0,0,2796.306517,0,0,0,0,0,0,0,0,0.002090651,0.424634368,0,0,0,0,0,0.003252123,0,0,0.040186951,0,0,0,0,0,0,0.001626062,0,0.04994332,0,0,0.003484418,0,0,0.002787534,0,0,0,0,0,0,0,0,0.00255524,0,0,0,0,0,0,0,0,0,0,0,0,0,0,0,0,0.049014142,0,0.006039657,0,0,0,0,0,0,0,0,0,0,0,0,0,0,0,0,0.004181301,0.005342774,0,0,0,0,0.011382431,0,0,0,0,0.018815855,0,0.001858356,0,0,0,0,0,0.002322945,0,0.031127465,0,0,0,0,0,0.011382431,0,0,0,0,0,0,0,0,0,0,0,0,0.592583301,0,0,0,0,0,0.033682704,0,0,0.011382431,0,0,0,0,0,0,0,0,0,0,0,0,0.008594897,0,0,0.008362602,0,0,0,0,0,0,0.002322945,0.010917842,0,0,0.003252123,0,0,0,0,0,0,0,0,0,0,0,0,0,0,0,0,0.003484418,0,0,0,0.021371095,0.001626062,0,0,0.862974113,0,0.012776198,0.012311609,0.001858356,0,0,0,0,0,0,0,0,0,0.008594897,0,0,0,0,0,0,0,0,0,0,0,0,0,0,0,0,0.189784617,0,0,0,0,0,0,0
healthy_015,0.001109793,0,0,0.003127598,0.030973308,0,0.001412464,0.001715134,0,0,0,0,0,0,0,0.001210683,0,0,0,0,0,0.002118695,0,0,0,0,0,0,0.003127598,0,0,0,0,0.001916915,0,0,0.005044513,0,0,0,0,0.001210683,0,0,0,0,0.000706232,0,0,0.003127598,0,0,0,0,0,0,0,0,0,0.000706232,0,0,0,0,0,0,0,0,0.000807122,0,0,0,0,0,0,0,0,0,0.001412464,0,0,0,0,0.001008903,0,0.001412464,0,0,0.001008903,0,0,0,0,0,0,0,0,0.00403561,0,0,0,0,0,0,0,0.003026708,0.000807122,0.002320476,0,0,0,0.001816025,0,0,0.623905341,0,0,0,0.000807122,0,0,0,0,0,0,0.01583977,0,0,0.001008903,0.003127598,0,0,0.002522256,0,0,0,0,0,0,2.089538084,0,0,0,0,0,0.007264098,0,0,0,0,0,0.043181029,0,0,0,0,0,0,0,0,0,0,0,0,0,0,0.003632049,0,0.021691405,0,0,0,0,0,0,0,0.001008903,0.001715134,0,0.063359081,0,0,0,0,0,0.001614244,0,0,0,0,0,0,0,0,0,0,0,0,0,0.000807122,0,0,0,0,0,0,0.002724037,0.001109793,0,0,0,0,0,0.001210683,0,0,0.001614244,0.00383383,0,0,0,0,0,0,0,0,0.004842732,0,0,0,0,0.000807122,0.034605358,0,0,0,0,0,0,0,0,0.001412464,0,0,0,0,0.003127598,0,0,0,0.000908012,0,0.003127598,0,0,0,0.001412464,0,0,0,0,0.00383383,0,0,12.09089001,0,0,0.000807122,0,0,0,0,0.061038605,0,0.204100987,0,0,0.009988135,0,0,0,0.008979233,0,0,0,0,0,0,0,0,0,0,0,0,0,0,0,0,0,0,0,0,0.000807122,0.001210683,0,0,0,0,0,0,0,0,0,0,0.006456976,0,0,0,0,0,0,0,0,0,0.032991114,0,0.001008903,0,0,0,0,0,0,0,0,0,0,0,0,0,0,0,0,0,0,0,0,0,0,0,0,0,0.001715134,0,0.024213661,0,0,0,0,0,0,0,0,0,0.002017805,0.001210683,0,0,0,0,0,0,0,0,0,0.001412464,0,0,0.002724037,0,0,0,0,0.021590515,0,0,0,0,0,0.022397637,0.001614244,0,0,0,0,0,0,0,0,0,0.001412464,0,0.000807122,0,0.001008903,0,0.002623147,0,0.017353124,0,0,0,0,0,0,0,0,0,0,0.002824927,0,0,0,0,0,0,0,0,0,0,0,0,0,0,0,0.000807122,0.009685465,0,0.000807122,0,0.02764393,0,0,0,0.180997119,0,0.004640952,0,0,0.001916915,0,0,0,0,0,0.001816025,0,0.003026708,0,0,0,0,0.001816025,0,0,0.001210683,0,0,0,0,0,0,0,0,0.001816025,0.004237391,0,0,0,0,0,0,0
healthy_016,0.003011766,0.003848368,0,0.001171242,0.002007844,0,0,0,0,0,0,0,0,0,0,0,0,0.001673203,0,0,0,0,0,0,0,0,0,0,0,0,0,0,0,0,0,0.012883666,0,0,0,0,0,0,0,0,0,0,0,0.001673203,0,0,0,0,0,0,0,0,0,0,0,0,0,0,0,0,0,0,0,0,0,0,0,0,0,0,0,0,0,0,0,0,0,0,0,0,0,0,0,0,0,0,0,0,0,0,0,0,0,0.002677125,0,0,0,0,0,0,0,0,0,0,0,0,0,0,0,0,0.237594871,0,0,0,0,0,0,0,0,0.001171242,0,0.422316517,0,0,0,0,0,0,0,0,0,0,0,0,0,0.599676068,0,0,0,0,0,0,0,0,0,0,0,0.084998728,0,0,0,0,0,0,0,0,0,0,0,0,0,0,0,0,0,0,0,0,0,0,0,0,0,0,0,0,0,0,0,0,0,0,0,0,0,0,0,0,0,0,0,0,0,0,0,0,0,0,0,0,0,0,0,0.001338563,0,0,0,0,0,0,0,0,0,0,0,0,0,0,0,0,0,0.001338563,0,0,0,0,0,0,0.251984419,0,0,0,0,0,0,0,0,0,0,0,0,0,0,0,0,0,0,0,0.001338563,0,0,0,0,0,0,0,0,0,0,0,0.009035298,0,0,0,0,0,0,0,0,0,0,0,0,0,0,0,0,0,0,0,0,0,0,0,0,0,0,0,0,0,0,0,0,0,0,0,0,0,0,0,0,0,0,0,0,0,0,0,0,0,0,0,0.001505883,0,0,0,0,0,0,0.002007844,0.024763409,0,0,0,0,0,0,0,0,0,0,0,0,0,0,0,0,0.002007844,0,0,0,0,0,0,0,0,0,0,0,0,0.03028498,0,0,0,0,0,0,0,0,0,0,0,0,0,0,0,0,0,0,0,0,0,0,0,0.001673203,0,0,0,0,0.001171242,0,0,0,0,0,0.049359498,0,0,0,0,0,0,0,0,0,0,0,0,0,0,0,0,0,0,0,0,0,0,0,0,0,0,0,0,0,0,0,0,0,0,0,0,0,0,0,0,0,0,0,0,0,0,0,0,0,0,0.18154256,0,0,0,0,0,0.013385627,0,0,0,0,0,0,0,0,0,0,0,0,0,0,0,0,0,0,0,0,0,0,0,0,0,0,0,0,0,0,0,0,0,0,0,0
healthy_017,0,0,0,0,0.247787059,0,0,0,0.002727216,0,0,0,0,0,0,0,0,0,0,0,0,0,0,0,0,0,0,0,0,0,0,0,0,0,0,0,0,0,0,0,0,0,0,0,0,0,0,0,0,0,0,0,0,0,0,0,0,0,0,0,0,0,0,0,0,0,0,0,0,0,0,0,0,0,0,0,0,0,0,0,0,0,0,0,0,0,0,0,0,0,0,0,0,0,0,0,0,0,0,0,0,0,0,0,0,0,0,0,0,0,0,0,0,0,0.017142501,0.00506483,0,0,0,0,0,0,0,0,0,0.005454432,0,0,0,0,0,0,0,0,0,0,0,0,0,0,0,0,0,0,0,0.003896023,0,0,0,0,0,0.019480115,0,0,0,0,0,0,0,0,0,0,0,0,0,0,0,0,0.003116818,0,0,0,0,0,0,0,0,0,0,0.024934547,0,0,0,0,0,0,0,0,0,0,0,0,0,0,0,0,0,0,0,0,0,0,0,0,0,0,0,0,0,0,0,0,0,0,0,0,0,0,0,0,0,0,0,0,0,0,0,0,0,0,0,0,0.027272161,0,0,0,0,0,0,0,0,0,0,0,0,0,0,0,0,0,0,0,0,0,0,0,0,0,0,0,0,0,0,0,95.8226842,0,0,0,0,0,0,0,0,0,0,0,0,0,0,0,0,0,0,0,0,0,0,0,0,0,0,0,0,0,0,0,0,0,0,0,0,0,0,0,0.006623239,0,0,0,0,0,0,0,0,0,0,0,0,0,0,0,0,0,0,0,0.030388979,0,0,0,0,0,0,0,0,0,0,0,0,0,0,0,0,0,0,0,0,0,0,0,0,0,0,0,0,0,0.010519262,0,0,0,0,0,0,0,0,0,0.012856876,0.003506421,0,0,0,0,0,0,0,0,0,0,0,0,0.007402444,0,0,0,0,0,0,0,0,0,0,0.019869717,0,0,0,0,0,0,0,0,0,0,0,0,0,0,0,0,0,0,0.021428126,0,0,0,0,0,0,0,0,0,0,0.004675228,0,0,0,0,0,0,0,0,0,0,0,0,0,0,0,0,0.005454432,0,0,0,0.025324149,0,0,0,0.085322902,0,0.00857125,0,0,0,0,0,0,0,0,0,0,0,0,0,0,0,0,0,0,0,0,0,0,0,0,0,0,0,0,0.003896023,0,0,0,0,0,0,0
